direction,listId,scrollY,timestamp,velocityPx
DOWN,main_scroll,29,1775877010767,0.0
DOWN,main_scroll,62,1775877010784,0.0
DOWN,main_scroll,105,1775877010801,0.0
DOWN,main_scroll,139,1775877010818,0.0
DOWN,main_scroll,162,1775877010834,0.0
DOWN,main_scroll,181,1775877010851,0.0
DOWN,main_scroll,199,1775877010868,0.0
DOWN,main_scroll,216,1775877010884,0.0
DOWN,main_scroll,233,1775877010901,0.0
DOWN,main_scroll,249,1775877010918,0.0
DOWN,main_scroll,265,1775877010934,0.0
DOWN,main_scroll,284,1775877010951,0.0
DOWN,main_scroll,298,1775877010968,0.0
DOWN,main_scroll,306,1775877010984,0.0
DOWN,main_scroll,314,1775877011001,0.0
DOWN,main_scroll,321,1775877011018,0.0
DOWN,main_scroll,328,1775877011035,0.0
DOWN,main_scroll,336,1775877011051,0.0
DOWN,main_scroll,343,1775877011068,0.0
DOWN,main_scroll,349,1775877011084,0.0
DOWN,main_scroll,354,1775877011101,0.0
DOWN,main_scroll,359,1775877011118,0.0
DOWN,main_scroll,366,1775877011134,0.0
DOWN,main_scroll,373,1775877011151,0.0
DOWN,main_scroll,381,1775877011168,0.0
DOWN,main_scroll,387,1775877011184,0.0
DOWN,main_scroll,390,1775877011201,0.0
DOWN,main_scroll,389,1775877011218,0.0
DOWN,main_scroll,386,1775877011235,0.0
DOWN,main_scroll,381,1775877011251,0.0
DOWN,main_scroll,377,1775877011264,0.0
DOWN,main_scroll,376,1775877011268,0.0
DOWN,main_scroll,372,1775877011285,0.0
DOWN,main_scroll,366,1775877011302,0.0
DOWN,main_scroll,359,1775877011319,0.0
DOWN,main_scroll,353,1775877011335,0.0
DOWN,main_scroll,348,1775877011351,0.0
DOWN,main_scroll,343,1775877011368,0.0
DOWN,main_scroll,338,1775877011385,0.0
DOWN,main_scroll,335,1775877011401,0.0
DOWN,main_scroll,332,1775877011418,0.0
DOWN,main_scroll,329,1775877011435,0.0
DOWN,main_scroll,326,1775877011452,0.0
DOWN,main_scroll,324,1775877011468,0.0
DOWN,main_scroll,322,1775877011485,0.0
DOWN,main_scroll,321,1775877011502,0.0
DOWN,main_scroll,319,1775877011518,0.0
DOWN,main_scroll,318,1775877011535,0.0
DOWN,main_scroll,317,1775877011552,0.0
DOWN,main_scroll,316,1775877011568,0.0
DOWN,main_scroll,315,1775877011585,0.0
DOWN,main_scroll,314,1775877011602,0.0
DOWN,main_scroll,313,1775877011619,0.0
DOWN,main_scroll,317,1775877011652,0.0
DOWN,main_scroll,322,1775877011669,0.0
DOWN,main_scroll,348,1775877011686,0.0
DOWN,main_scroll,410,1775877011702,0.0
DOWN,main_scroll,453,1775877011719,0.0
DOWN,main_scroll,487,1775877011735,0.0
DOWN,main_scroll,509,1775877011752,0.0
DOWN,main_scroll,521,1775877011769,0.0
DOWN,main_scroll,529,1775877011785,0.0
DOWN,main_scroll,540,1775877011802,0.0
DOWN,main_scroll,550,1775877011819,0.0
DOWN,main_scroll,559,1775877011836,0.0
DOWN,main_scroll,566,1775877011852,0.0
DOWN,main_scroll,571,1775877011869,0.0
DOWN,main_scroll,573,1775877011886,0.0
DOWN,main_scroll,574,1775877011902,0.0
DOWN,main_scroll,573,1775877011920,0.0
DOWN,main_scroll,574,1775877011936,0.0
DOWN,main_scroll,576,1775877011953,0.0
DOWN,main_scroll,579,1775877011969,0.0
DOWN,main_scroll,581,1775877011981,0.0
DOWN,main_scroll,582,1775877011986,0.0
DOWN,main_scroll,583,1775877012003,0.0
DOWN,main_scroll,585,1775877012019,0.0
DOWN,main_scroll,587,1775877012036,0.0
DOWN,main_scroll,589,1775877012053,0.0
DOWN,main_scroll,590,1775877012070,0.0
DOWN,main_scroll,591,1775877012086,0.0
DOWN,main_scroll,592,1775877012103,0.0
DOWN,main_scroll,593,1775877012119,0.0
DOWN,main_scroll,594,1775877012153,0.0
DOWN,main_scroll,595,1775877012203,0.0
DOWN,main_scroll,626,1775877012805,0.0
DOWN,main_scroll,685,1775877012821,0.0
DOWN,main_scroll,729,1775877012837,0.0
DOWN,main_scroll,764,1775877012854,0.0
DOWN,main_scroll,796,1775877012871,0.0
DOWN,main_scroll,822,1775877012887,0.0
DOWN,main_scroll,844,1775877012904,0.0
DOWN,main_scroll,866,1775877012921,0.0
DOWN,main_scroll,883,1775877012937,0.0
DOWN,main_scroll,896,1775877012954,0.0
DOWN,main_scroll,907,1775877012971,0.0
DOWN,main_scroll,916,1775877012988,0.0
DOWN,main_scroll,923,1775877013004,0.0
DOWN,main_scroll,929,1775877013021,0.0
DOWN,main_scroll,936,1775877013040,0.0
DOWN,main_scroll,945,1775877013054,0.0
DOWN,main_scroll,955,1775877013071,0.0
DOWN,main_scroll,964,1775877013087,0.0
DOWN,main_scroll,973,1775877013104,0.0
DOWN,main_scroll,981,1775877013121,0.0
DOWN,main_scroll,986,1775877013138,0.0
DOWN,main_scroll,990,1775877013155,0.0
DOWN,main_scroll,995,1775877013171,0.0
DOWN,main_scroll,1001,1775877013188,0.0
DOWN,main_scroll,1010,1775877013204,0.0
DOWN,main_scroll,1021,1775877013215,0.0
DOWN,main_scroll,1024,1775877013221,0.0
DOWN,main_scroll,1029,1775877013238,0.0
DOWN,main_scroll,1037,1775877013255,0.0
DOWN,main_scroll,1046,1775877013272,0.0
DOWN,main_scroll,1054,1775877013288,0.0
DOWN,main_scroll,1062,1775877013305,0.0
DOWN,main_scroll,1068,1775877013321,0.0
DOWN,main_scroll,1075,1775877013338,0.0
DOWN,main_scroll,1080,1775877013355,0.0
DOWN,main_scroll,1085,1775877013372,0.0
DOWN,main_scroll,1089,1775877013393,0.0
DOWN,main_scroll,1093,1775877013405,0.0
DOWN,main_scroll,1096,1775877013422,0.0
DOWN,main_scroll,1099,1775877013438,0.0
DOWN,main_scroll,1102,1775877013455,0.0
DOWN,main_scroll,1104,1775877013472,0.0
DOWN,main_scroll,1107,1775877013491,0.0
DOWN,main_scroll,1109,1775877013505,0.0
DOWN,main_scroll,1110,1775877013521,0.0
DOWN,main_scroll,1112,1775877013538,0.0
DOWN,main_scroll,1113,1775877013555,0.0
DOWN,main_scroll,1115,1775877013572,0.0
DOWN,main_scroll,1116,1775877013588,0.0
DOWN,main_scroll,1117,1775877013605,0.0
DOWN,main_scroll,1118,1775877013622,0.0
DOWN,main_scroll,1119,1775877013639,0.0
DOWN,main_scroll,1120,1775877013655,0.0
DOWN,main_scroll,1121,1775877013688,0.0
DOWN,main_scroll,1122,1775877013722,0.0
DOWN,main_scroll,1123,1775877013772,0.0
DOWN,main_scroll,1143,1775877014523,0.0
DOWN,main_scroll,1216,1775877014540,0.0
DOWN,main_scroll,1270,1775877014557,0.0
DOWN,main_scroll,1305,1775877014573,0.0
DOWN,main_scroll,1331,1775877014590,0.0
DOWN,main_scroll,1354,1775877014607,0.0
DOWN,main_scroll,1377,1775877014623,0.0
DOWN,main_scroll,1400,1775877014640,0.0
DOWN,main_scroll,1419,1775877014658,0.0
DOWN,main_scroll,1438,1775877014673,0.0
DOWN,main_scroll,1456,1775877014690,0.0
DOWN,main_scroll,1470,1775877014707,0.0
DOWN,main_scroll,1485,1775877014724,0.0
DOWN,main_scroll,1501,1775877014740,0.0
DOWN,main_scroll,1521,1775877014757,0.0
DOWN,main_scroll,1541,1775877014773,0.0
DOWN,main_scroll,1558,1775877014790,0.0
DOWN,main_scroll,1570,1775877014807,0.0
DOWN,main_scroll,1580,1775877014824,0.0
DOWN,main_scroll,1587,1775877014840,0.0
DOWN,main_scroll,1596,1775877014857,0.0
DOWN,main_scroll,1611,1775877014874,0.0
DOWN,main_scroll,1626,1775877014884,0.0
DOWN,main_scroll,1630,1775877014891,0.0
DOWN,main_scroll,1637,1775877014907,0.0
DOWN,main_scroll,1647,1775877014924,0.0
DOWN,main_scroll,1658,1775877014941,0.0
DOWN,main_scroll,1669,1775877014957,0.0
DOWN,main_scroll,1679,1775877014974,0.0
DOWN,main_scroll,1689,1775877014991,0.0
DOWN,main_scroll,1697,1775877015007,0.0
DOWN,main_scroll,1705,1775877015024,0.0
DOWN,main_scroll,1712,1775877015041,0.0
DOWN,main_scroll,1719,1775877015057,0.0
DOWN,main_scroll,1724,1775877015074,0.0
DOWN,main_scroll,1730,1775877015091,0.0
DOWN,main_scroll,1734,1775877015108,0.0
DOWN,main_scroll,1738,1775877015124,0.0
DOWN,main_scroll,1742,1775877015141,0.0
DOWN,main_scroll,1746,1775877015158,0.0
DOWN,main_scroll,1749,1775877015174,0.0
DOWN,main_scroll,1752,1775877015191,0.0
DOWN,main_scroll,1755,1775877015208,0.0
DOWN,main_scroll,1757,1775877015225,0.0
DOWN,main_scroll,1759,1775877015241,0.0
DOWN,main_scroll,1762,1775877015258,0.0
DOWN,main_scroll,1763,1775877015275,0.0
DOWN,main_scroll,1765,1775877015291,0.0
DOWN,main_scroll,1767,1775877015308,0.0
DOWN,main_scroll,1768,1775877015325,0.0
DOWN,main_scroll,1770,1775877015341,0.0
DOWN,main_scroll,1771,1775877015358,0.0
DOWN,main_scroll,1772,1775877015375,0.0
DOWN,main_scroll,1773,1775877015391,0.0
DOWN,main_scroll,1774,1775877015408,0.0
DOWN,main_scroll,1775,1775877015425,0.0
DOWN,main_scroll,1776,1775877015441,0.0
DOWN,main_scroll,1777,1775877015475,0.0
DOWN,main_scroll,1778,1775877015508,0.0
DOWN,main_scroll,1779,1775877015559,0.0
DOWN,main_scroll,1823,1775877016277,0.0
DOWN,main_scroll,1887,1775877016293,0.0
DOWN,main_scroll,1931,1775877016310,0.0
DOWN,main_scroll,1962,1775877016326,0.0
DOWN,main_scroll,1984,1775877016343,0.0
DOWN,main_scroll,2003,1775877016360,0.0
DOWN,main_scroll,2020,1775877016376,0.0
DOWN,main_scroll,2036,1775877016393,0.0
DOWN,main_scroll,2047,1775877016410,0.0
DOWN,main_scroll,2054,1775877016426,0.0
DOWN,main_scroll,2062,1775877016443,0.0
DOWN,main_scroll,2070,1775877016460,0.0
DOWN,main_scroll,2079,1775877016477,0.0
DOWN,main_scroll,2087,1775877016493,0.0
DOWN,main_scroll,2098,1775877016510,0.0
DOWN,main_scroll,2110,1775877016526,0.0
DOWN,main_scroll,2121,1775877016543,0.0
DOWN,main_scroll,2129,1775877016560,0.0
DOWN,main_scroll,2136,1775877016576,0.0
DOWN,main_scroll,2142,1775877016593,0.0
DOWN,main_scroll,2149,1775877016610,0.0
DOWN,main_scroll,2158,1775877016627,0.0
DOWN,main_scroll,2169,1775877016643,0.0
DOWN,main_scroll,2179,1775877016660,0.0
DOWN,main_scroll,2187,1775877016670,0.0
DOWN,main_scroll,2191,1775877016677,0.0
DOWN,main_scroll,2197,1775877016693,0.0
DOWN,main_scroll,2205,1775877016710,0.0
DOWN,main_scroll,2215,1775877016727,0.0
DOWN,main_scroll,2225,1775877016744,0.0
DOWN,main_scroll,2234,1775877016760,0.0
DOWN,main_scroll,2243,1775877016777,0.0
DOWN,main_scroll,2250,1775877016794,0.0
DOWN,main_scroll,2257,1775877016811,0.0
DOWN,main_scroll,2263,1775877016827,0.0
DOWN,main_scroll,2268,1775877016844,0.0
DOWN,main_scroll,2273,1775877016861,0.0
DOWN,main_scroll,2277,1775877016878,0.0
DOWN,main_scroll,2281,1775877016894,0.0
DOWN,main_scroll,2285,1775877016911,0.0
DOWN,main_scroll,2288,1775877016928,0.0
DOWN,main_scroll,2291,1775877016944,0.0
DOWN,main_scroll,2294,1775877016961,0.0
DOWN,main_scroll,2296,1775877016977,0.0
DOWN,main_scroll,2298,1775877016994,0.0
DOWN,main_scroll,2300,1775877017011,0.0
DOWN,main_scroll,2302,1775877017028,0.0
DOWN,main_scroll,2304,1775877017044,0.0
DOWN,main_scroll,2305,1775877017061,0.0
DOWN,main_scroll,2307,1775877017078,0.0
DOWN,main_scroll,2308,1775877017094,0.0
DOWN,main_scroll,2309,1775877017111,0.0
DOWN,main_scroll,2310,1775877017128,0.0
DOWN,main_scroll,2311,1775877017144,0.0
DOWN,main_scroll,2312,1775877017161,0.0
DOWN,main_scroll,2313,1775877017178,0.0
DOWN,main_scroll,2314,1775877017212,0.0
DOWN,main_scroll,2315,1775877017244,0.0
DOWN,main_scroll,2316,1775877017295,0.0
DOWN,main_scroll,2337,1775877017996,0.0
DOWN,main_scroll,2426,1775877018013,0.0
DOWN,main_scroll,2498,1775877018029,0.0
DOWN,main_scroll,2541,1775877018046,0.0
DOWN,main_scroll,2567,1775877018063,0.0
DOWN,main_scroll,2583,1775877018079,0.0
DOWN,main_scroll,2596,1775877018096,0.0
DOWN,main_scroll,2609,1775877018113,0.0
DOWN,main_scroll,2620,1775877018130,0.0
DOWN,main_scroll,2630,1775877018146,0.0
DOWN,main_scroll,2641,1775877018163,0.0
DOWN,main_scroll,2650,1775877018179,0.0
DOWN,main_scroll,2658,1775877018196,0.0
DOWN,main_scroll,2665,1775877018213,0.0
DOWN,main_scroll,2672,1775877018230,0.0
DOWN,main_scroll,2683,1775877018247,0.0
DOWN,main_scroll,2696,1775877018263,0.0
DOWN,main_scroll,2710,1775877018280,0.0
DOWN,main_scroll,2724,1775877018296,0.0
DOWN,main_scroll,2736,1775877018313,0.0
DOWN,main_scroll,2744,1775877018330,0.0
DOWN,main_scroll,2749,1775877018342,0.0
DOWN,main_scroll,2750,1775877018347,0.0
DOWN,main_scroll,2754,1775877018364,0.0
DOWN,main_scroll,2760,1775877018380,0.0
DOWN,main_scroll,2766,1775877018397,0.0
DOWN,main_scroll,2772,1775877018413,0.0
DOWN,main_scroll,2777,1775877018430,0.0
DOWN,main_scroll,2782,1775877018447,0.0
DOWN,main_scroll,2786,1775877018463,0.0
DOWN,main_scroll,2789,1775877018480,0.0
DOWN,main_scroll,2792,1775877018497,0.0
DOWN,main_scroll,2795,1775877018513,0.0
DOWN,main_scroll,2797,1775877018530,0.0
DOWN,main_scroll,2799,1775877018547,0.0
DOWN,main_scroll,2801,1775877018564,0.0
DOWN,main_scroll,2803,1775877018580,0.0
DOWN,main_scroll,2804,1775877018597,0.0
DOWN,main_scroll,2805,1775877018614,0.0
DOWN,main_scroll,2806,1775877018630,0.0
DOWN,main_scroll,2807,1775877018650,0.0
DOWN,main_scroll,2808,1775877018663,0.0
DOWN,main_scroll,2809,1775877018680,0.0
DOWN,main_scroll,2810,1775877018714,0.0
DOWN,main_scroll,2811,1775877018747,0.0
DOWN,main_scroll,2812,1775877018797,0.0
DOWN,main_scroll,2815,1775877020801,0.0
DOWN,main_scroll,2894,1775877020817,0.0
DOWN,main_scroll,2962,1775877020834,0.0
DOWN,main_scroll,2999,1775877020851,0.0
DOWN,main_scroll,3025,1775877020868,0.0
DOWN,main_scroll,3051,1775877020884,0.0
DOWN,main_scroll,3078,1775877020901,0.0
DOWN,main_scroll,3108,1775877020918,0.0
DOWN,main_scroll,3129,1775877020934,0.0
DOWN,main_scroll,3148,1775877020951,0.0
DOWN,main_scroll,3167,1775877020967,0.0
DOWN,main_scroll,3178,1775877020984,0.0
DOWN,main_scroll,3187,1775877021001,0.0
DOWN,main_scroll,3195,1775877021017,0.0
DOWN,main_scroll,3204,1775877021034,0.0
DOWN,main_scroll,3213,1775877021051,0.0
DOWN,main_scroll,3224,1775877021068,0.0
DOWN,main_scroll,3233,1775877021084,0.0
DOWN,main_scroll,3241,1775877021102,0.0
DOWN,main_scroll,3249,1775877021117,0.0
DOWN,main_scroll,3255,1775877021134,0.0
DOWN,main_scroll,3260,1775877021151,0.0
DOWN,main_scroll,3263,1775877021168,0.0
DOWN,main_scroll,3267,1775877021184,0.0
DOWN,main_scroll,3273,1775877021201,0.0
DOWN,main_scroll,3282,1775877021218,0.0
DOWN,main_scroll,3289,1775877021228,0.0
DOWN,main_scroll,3292,1775877021235,0.0
DOWN,main_scroll,3296,1775877021251,0.0
DOWN,main_scroll,3303,1775877021268,0.0
DOWN,main_scroll,3310,1775877021285,0.0
DOWN,main_scroll,3317,1775877021302,0.0
DOWN,main_scroll,3323,1775877021318,0.0
DOWN,main_scroll,3328,1775877021335,0.0
DOWN,main_scroll,3333,1775877021351,0.0
DOWN,main_scroll,3337,1775877021368,0.0
DOWN,main_scroll,3341,1775877021385,0.0
DOWN,main_scroll,3344,1775877021401,0.0
DOWN,main_scroll,3347,1775877021418,0.0
DOWN,main_scroll,3349,1775877021435,0.0
DOWN,main_scroll,3351,1775877021452,0.0
DOWN,main_scroll,3353,1775877021468,0.0
DOWN,main_scroll,3355,1775877021485,0.0
DOWN,main_scroll,3357,1775877021502,0.0
DOWN,main_scroll,3358,1775877021519,0.0
DOWN,main_scroll,3359,1775877021535,0.0
DOWN,main_scroll,3361,1775877021552,0.0
DOWN,main_scroll,3362,1775877021568,0.0
DOWN,main_scroll,3363,1775877021602,0.0
DOWN,main_scroll,3364,1775877021620,0.0
DOWN,main_scroll,3365,1775877021635,0.0
DOWN,main_scroll,3366,1775877021669,0.0
DOWN,main_scroll,3367,1775877021719,0.0
DOWN,main_scroll,3386,1775877024241,0.0
DOWN,main_scroll,3443,1775877024256,0.0
DOWN,main_scroll,3487,1775877024273,0.0
DOWN,main_scroll,3524,1775877024289,0.0
DOWN,main_scroll,3556,1775877024306,0.0
DOWN,main_scroll,3580,1775877024322,0.0
DOWN,main_scroll,3604,1775877024339,0.0
DOWN,main_scroll,3627,1775877024356,0.0
DOWN,main_scroll,3651,1775877024372,0.0
DOWN,main_scroll,3677,1775877024390,0.0
DOWN,main_scroll,3703,1775877024406,0.0
DOWN,main_scroll,3731,1775877024422,0.0
DOWN,main_scroll,3757,1775877024439,0.0
DOWN,main_scroll,3776,1775877024456,0.0
DOWN,main_scroll,3789,1775877024472,0.0
DOWN,main_scroll,3799,1775877024489,0.0
DOWN,main_scroll,3808,1775877024506,0.0
DOWN,main_scroll,3817,1775877024523,0.0
DOWN,main_scroll,3827,1775877024539,0.0
DOWN,main_scroll,3837,1775877024556,0.0
DOWN,main_scroll,3849,1775877024573,0.0
DOWN,main_scroll,3858,1775877024590,0.0
DOWN,main_scroll,3866,1775877024607,0.0
DOWN,main_scroll,3873,1775877024623,0.0
DOWN,main_scroll,3880,1775877024639,0.0
DOWN,main_scroll,3886,1775877024656,0.0
DOWN,main_scroll,3893,1775877024673,0.0
DOWN,main_scroll,3900,1775877024690,0.0
DOWN,main_scroll,3907,1775877024706,0.0
DOWN,main_scroll,3915,1775877024723,0.0
DOWN,main_scroll,3923,1775877024740,0.0
DOWN,main_scroll,3930,1775877024756,0.0
DOWN,main_scroll,3936,1775877024773,0.0
DOWN,main_scroll,3942,1775877024790,0.0
DOWN,main_scroll,3943,1775877024794,0.0
DOWN,main_scroll,3946,1775877024806,0.0
DOWN,main_scroll,3949,1775877024823,0.0
DOWN,main_scroll,3952,1775877024840,0.0
DOWN,main_scroll,3956,1775877024856,0.0
DOWN,main_scroll,3959,1775877024873,0.0
DOWN,main_scroll,3962,1775877024890,0.0
DOWN,main_scroll,3964,1775877024907,0.0
DOWN,main_scroll,3966,1775877024923,0.0
DOWN,main_scroll,3967,1775877024940,0.0
DOWN,main_scroll,3969,1775877024956,0.0
DOWN,main_scroll,3970,1775877024973,0.0
DOWN,main_scroll,3971,1775877024990,0.0
DOWN,main_scroll,3972,1775877025008,0.0
DOWN,main_scroll,3973,1775877025040,0.0
DOWN,main_scroll,3974,1775877025073,0.0
DOWN,main_scroll,3975,1775877025124,0.0
DOWN,main_scroll,3989,1775877026843,0.0
DOWN,main_scroll,4051,1775877026859,0.0
DOWN,main_scroll,4099,1775877026876,0.0
DOWN,main_scroll,4133,1775877026893,0.0
DOWN,main_scroll,4154,1775877026909,0.0
DOWN,main_scroll,4167,1775877026926,0.0
DOWN,main_scroll,4183,1775877026943,0.0
DOWN,main_scroll,4203,1775877026959,0.0
DOWN,main_scroll,4223,1775877026976,0.0
DOWN,main_scroll,4244,1775877026993,0.0
DOWN,main_scroll,4258,1775877027009,0.0
DOWN,main_scroll,4268,1775877027026,0.0
DOWN,main_scroll,4274,1775877027043,0.0
DOWN,main_scroll,4279,1775877027060,0.0
DOWN,main_scroll,4286,1775877027076,0.0
DOWN,main_scroll,4300,1775877027093,0.0
DOWN,main_scroll,4318,1775877027110,0.0
DOWN,main_scroll,4333,1775877027127,0.0
DOWN,main_scroll,4345,1775877027143,0.0
DOWN,main_scroll,4356,1775877027160,0.0
DOWN,main_scroll,4368,1775877027176,0.0
DOWN,main_scroll,4387,1775877027193,0.0
DOWN,main_scroll,4406,1775877027210,0.0
DOWN,main_scroll,4424,1775877027226,0.0
DOWN,main_scroll,4434,1775877027243,0.0
DOWN,main_scroll,4436,1775877027249,0.0
DOWN,main_scroll,4446,1775877027260,0.0
DOWN,main_scroll,4455,1775877027277,0.0
DOWN,main_scroll,4467,1775877027293,0.0
DOWN,main_scroll,4481,1775877027310,0.0
DOWN,main_scroll,4496,1775877027327,0.0
DOWN,main_scroll,4509,1775877027343,0.0
DOWN,main_scroll,4522,1775877027360,0.0
DOWN,main_scroll,4534,1775877027377,0.0
DOWN,main_scroll,4544,1775877027393,0.0
DOWN,main_scroll,4554,1775877027410,0.0
DOWN,main_scroll,4563,1775877027427,0.0
DOWN,main_scroll,4571,1775877027444,0.0
DOWN,main_scroll,4578,1775877027460,0.0
DOWN,main_scroll,4585,1775877027477,0.0
DOWN,main_scroll,4591,1775877027494,0.0
DOWN,main_scroll,4597,1775877027510,0.0
DOWN,main_scroll,4602,1775877027527,0.0
DOWN,main_scroll,4607,1775877027544,0.0
DOWN,main_scroll,4612,1775877027560,0.0
DOWN,main_scroll,4616,1775877027577,0.0
DOWN,main_scroll,4620,1775877027594,0.0
DOWN,main_scroll,4624,1775877027610,0.0
DOWN,main_scroll,4627,1775877027627,0.0
DOWN,main_scroll,4630,1775877027644,0.0
DOWN,main_scroll,4633,1775877027661,0.0
DOWN,main_scroll,4636,1775877027677,0.0
DOWN,main_scroll,4638,1775877027694,0.0
DOWN,main_scroll,4640,1775877027711,0.0
DOWN,main_scroll,4643,1775877027728,0.0
DOWN,main_scroll,4645,1775877027744,0.0
DOWN,main_scroll,4647,1775877027761,0.0
DOWN,main_scroll,4648,1775877027777,0.0
DOWN,main_scroll,4650,1775877027794,0.0
DOWN,main_scroll,4651,1775877027811,0.0
DOWN,main_scroll,4653,1775877027828,0.0
DOWN,main_scroll,4654,1775877027844,0.0
DOWN,main_scroll,4655,1775877027861,0.0
DOWN,main_scroll,4656,1775877027878,0.0
DOWN,main_scroll,4657,1775877027894,0.0
DOWN,main_scroll,4658,1775877027911,0.0
DOWN,main_scroll,4659,1775877027928,0.0
DOWN,main_scroll,4660,1775877027961,0.0
DOWN,main_scroll,4661,1775877027994,0.0
DOWN,main_scroll,4662,1775877028045,0.0
DOWN,main_scroll,4715,1775877029814,0.0
DOWN,main_scroll,4777,1775877029831,0.0
DOWN,main_scroll,4812,1775877029848,0.0
DOWN,main_scroll,4838,1775877029864,0.0
DOWN,main_scroll,4857,1775877029881,0.0
DOWN,main_scroll,4876,1775877029897,0.0
DOWN,main_scroll,4896,1775877029914,0.0
DOWN,main_scroll,4913,1775877029931,0.0
DOWN,main_scroll,4928,1775877029948,0.0
DOWN,main_scroll,4942,1775877029964,0.0
DOWN,main_scroll,4956,1775877029981,0.0
DOWN,main_scroll,4968,1775877029998,0.0
DOWN,main_scroll,4978,1775877030014,0.0
DOWN,main_scroll,4981,1775877030031,0.0
DOWN,main_scroll,4980,1775877030048,0.0
DOWN,main_scroll,4984,1775877030098,0.0
DOWN,main_scroll,4993,1775877030115,0.0
DOWN,main_scroll,5005,1775877030131,0.0
DOWN,main_scroll,5014,1775877030148,0.0
DOWN,main_scroll,5021,1775877030165,0.0
DOWN,main_scroll,5026,1775877030181,0.0
DOWN,main_scroll,5030,1775877030198,0.0
DOWN,main_scroll,5036,1775877030215,0.0
DOWN,main_scroll,5042,1775877030231,0.0
DOWN,main_scroll,5048,1775877030242,0.0
DOWN,main_scroll,5050,1775877030248,0.0
DOWN,main_scroll,5053,1775877030265,0.0
DOWN,main_scroll,5057,1775877030281,0.0
DOWN,main_scroll,5062,1775877030299,0.0
DOWN,main_scroll,5066,1775877030315,0.0
DOWN,main_scroll,5070,1775877030332,0.0
DOWN,main_scroll,5073,1775877030348,0.0
DOWN,main_scroll,5075,1775877030365,0.0
DOWN,main_scroll,5078,1775877030382,0.0
DOWN,main_scroll,5079,1775877030399,0.0
DOWN,main_scroll,5081,1775877030415,0.0
DOWN,main_scroll,5083,1775877030432,0.0
DOWN,main_scroll,5084,1775877030448,0.0
DOWN,main_scroll,5085,1775877030465,0.0
DOWN,main_scroll,5086,1775877030481,0.0
DOWN,main_scroll,5087,1775877030499,0.0
DOWN,main_scroll,5088,1775877030532,0.0
DOWN,main_scroll,5089,1775877030565,0.0
DOWN,main_scroll,5090,1775877030632,0.0
DOWN,main_scroll,5092,1775877030645,0.0
DOWN,main_scroll,5094,1775877030666,0.0
DOWN,main_scroll,5096,1775877030682,0.0
DOWN,main_scroll,5098,1775877030699,0.0
DOWN,main_scroll,5100,1775877030716,0.0
DOWN,main_scroll,5101,1775877030732,0.0
DOWN,main_scroll,5102,1775877030749,0.0
DOWN,main_scroll,5103,1775877030766,0.0
DOWN,main_scroll,5104,1775877030782,0.0
DOWN,main_scroll,5105,1775877030816,0.0
DOWN,main_scroll,5106,1775877030866,0.0
DOWN,main_scroll,5115,1775877031010,0.0
DOWN,main_scroll,5120,1775877031016,0.0
DOWN,main_scroll,5130,1775877031033,0.0
DOWN,main_scroll,5144,1775877031049,0.0
DOWN,main_scroll,5161,1775877031066,0.0
DOWN,main_scroll,5179,1775877031083,0.0
DOWN,main_scroll,5196,1775877031100,0.0
DOWN,main_scroll,5211,1775877031117,0.0
DOWN,main_scroll,5226,1775877031133,0.0
DOWN,main_scroll,5239,1775877031149,0.0
DOWN,main_scroll,5252,1775877031166,0.0
DOWN,main_scroll,5264,1775877031183,0.0
DOWN,main_scroll,5274,1775877031200,0.0
DOWN,main_scroll,5284,1775877031216,0.0
DOWN,main_scroll,5293,1775877031233,0.0
DOWN,main_scroll,5301,1775877031250,0.0
DOWN,main_scroll,5309,1775877031267,0.0
DOWN,main_scroll,5316,1775877031283,0.0
DOWN,main_scroll,5323,1775877031300,0.0
DOWN,main_scroll,5329,1775877031316,0.0
DOWN,main_scroll,5334,1775877031333,0.0
DOWN,main_scroll,5340,1775877031350,0.0
DOWN,main_scroll,5345,1775877031367,0.0
DOWN,main_scroll,5349,1775877031384,0.0
DOWN,main_scroll,5354,1775877031400,0.0
DOWN,main_scroll,5357,1775877031417,0.0
DOWN,main_scroll,5361,1775877031433,0.0
DOWN,main_scroll,5365,1775877031450,0.0
DOWN,main_scroll,5368,1775877031467,0.0
DOWN,main_scroll,5371,1775877031484,0.0
DOWN,main_scroll,5374,1775877031500,0.0
DOWN,main_scroll,5377,1775877031517,0.0
DOWN,main_scroll,5379,1775877031534,0.0
DOWN,main_scroll,5382,1775877031550,0.0
DOWN,main_scroll,5384,1775877031567,0.0
DOWN,main_scroll,5386,1775877031584,0.0
DOWN,main_scroll,5388,1775877031600,0.0
DOWN,main_scroll,5390,1775877031617,0.0
DOWN,main_scroll,5391,1775877031634,0.0
DOWN,main_scroll,5393,1775877031651,0.0
DOWN,main_scroll,5394,1775877031669,0.0
DOWN,main_scroll,5395,1775877031684,0.0
DOWN,main_scroll,5397,1775877031701,0.0
DOWN,main_scroll,5398,1775877031717,0.0
DOWN,main_scroll,5419,1775877034204,0.0
DOWN,main_scroll,5494,1775877034221,0.0
DOWN,main_scroll,5555,1775877034237,0.0
DOWN,main_scroll,5600,1775877034254,0.0
DOWN,main_scroll,5624,1775877034271,0.0
DOWN,main_scroll,5634,1775877034288,0.0
DOWN,main_scroll,5639,1775877034304,0.0
DOWN,main_scroll,5643,1775877034321,0.0
DOWN,main_scroll,5648,1775877034337,0.0
DOWN,main_scroll,5656,1775877034355,0.0
DOWN,main_scroll,5666,1775877034371,0.0
DOWN,main_scroll,5678,1775877034387,0.0
DOWN,main_scroll,5686,1775877034404,0.0
DOWN,main_scroll,5692,1775877034421,0.0
DOWN,main_scroll,5693,1775877034438,0.0
DOWN,main_scroll,5694,1775877034455,0.0
DOWN,main_scroll,5693,1775877034471,0.0
DOWN,main_scroll,5694,1775877034481,0.0
DOWN,main_scroll,5693,1775877034488,0.0
DOWN,main_scroll,5691,1775877034505,0.0
DOWN,main_scroll,5689,1775877034521,0.0
DOWN,main_scroll,5687,1775877034538,0.0
DOWN,main_scroll,5686,1775877034555,0.0
DOWN,main_scroll,5684,1775877034571,0.0
DOWN,main_scroll,5683,1775877034588,0.0
DOWN,main_scroll,5682,1775877034605,0.0
DOWN,main_scroll,5681,1775877034621,0.0
DOWN,main_scroll,5680,1775877034654,0.0
DOWN,main_scroll,5679,1775877034705,0.0
DOWN,main_scroll,5680,1775877034805,0.0
DOWN,main_scroll,5681,1775877034808,0.0
DOWN,main_scroll,5739,1775877036374,0.0
DOWN,main_scroll,5781,1775877036390,0.0
DOWN,main_scroll,5818,1775877036407,0.0
DOWN,main_scroll,5851,1775877036424,0.0
DOWN,main_scroll,5880,1775877036441,0.0
DOWN,main_scroll,5902,1775877036457,0.0
DOWN,main_scroll,5923,1775877036474,0.0
DOWN,main_scroll,5943,1775877036491,0.0
DOWN,main_scroll,5962,1775877036507,0.0
DOWN,main_scroll,5977,1775877036524,0.0
DOWN,main_scroll,5993,1775877036541,0.0
DOWN,main_scroll,6008,1775877036557,0.0
DOWN,main_scroll,6025,1775877036574,0.0
DOWN,main_scroll,6043,1775877036591,0.0
DOWN,main_scroll,6045,1775877036594,0.0
DOWN,main_scroll,6057,1775877036608,0.0
DOWN,main_scroll,6065,1775877036624,0.0
DOWN,main_scroll,6077,1775877036641,0.0
DOWN,main_scroll,6090,1775877036657,0.0
DOWN,main_scroll,6104,1775877036675,0.0
DOWN,main_scroll,6116,1775877036691,0.0
DOWN,main_scroll,6128,1775877036709,0.0
DOWN,main_scroll,6139,1775877036724,0.0
DOWN,main_scroll,6149,1775877036741,0.0
DOWN,main_scroll,6158,1775877036758,0.0
DOWN,main_scroll,6166,1775877036774,0.0
DOWN,main_scroll,6173,1775877036791,0.0
DOWN,main_scroll,6180,1775877036807,0.0
DOWN,main_scroll,6186,1775877036825,0.0
DOWN,main_scroll,6192,1775877036841,0.0
DOWN,main_scroll,6197,1775877036858,0.0
DOWN,main_scroll,6202,1775877036875,0.0
DOWN,main_scroll,6206,1775877036891,0.0
DOWN,main_scroll,6211,1775877036908,0.0
DOWN,main_scroll,6214,1775877036925,0.0
DOWN,main_scroll,6218,1775877036942,0.0
DOWN,main_scroll,6221,1775877036958,0.0
DOWN,main_scroll,6224,1775877036975,0.0
DOWN,main_scroll,6227,1775877036991,0.0
DOWN,main_scroll,6229,1775877037008,0.0
DOWN,main_scroll,6232,1775877037025,0.0
DOWN,main_scroll,6234,1775877037041,0.0
DOWN,main_scroll,6236,1775877037058,0.0
DOWN,main_scroll,6238,1775877037075,0.0
DOWN,main_scroll,6240,1775877037092,0.0
DOWN,main_scroll,6241,1775877037108,0.0
DOWN,main_scroll,6243,1775877037125,0.0
DOWN,main_scroll,6244,1775877037142,0.0
DOWN,main_scroll,6246,1775877037159,0.0
DOWN,main_scroll,6247,1775877037175,0.0
DOWN,main_scroll,6248,1775877037192,0.0
DOWN,main_scroll,6249,1775877037208,0.0
DOWN,main_scroll,6250,1775877037225,0.0
DOWN,main_scroll,6251,1775877037258,0.0
DOWN,main_scroll,6252,1775877037276,0.0
DOWN,main_scroll,6253,1775877037308,0.0
DOWN,main_scroll,6254,1775877037359,0.0
DOWN,main_scroll,6303,1775877038111,0.0
DOWN,main_scroll,6374,1775877038127,0.0
DOWN,main_scroll,6423,1775877038143,0.0
DOWN,main_scroll,6459,1775877038160,0.0
DOWN,main_scroll,6487,1775877038177,0.0
DOWN,main_scroll,6507,1775877038193,0.0
DOWN,main_scroll,6523,1775877038210,0.0
DOWN,main_scroll,6537,1775877038227,0.0
DOWN,main_scroll,6552,1775877038243,0.0
DOWN,main_scroll,6568,1775877038260,0.0
DOWN,main_scroll,6580,1775877038277,0.0
DOWN,main_scroll,6587,1775877038293,0.0
DOWN,main_scroll,6592,1775877038310,0.0
DOWN,main_scroll,6597,1775877038327,0.0
DOWN,main_scroll,6607,1775877038344,0.0
DOWN,main_scroll,6624,1775877038360,0.0
DOWN,main_scroll,6646,1775877038377,0.0
DOWN,main_scroll,6658,1775877038387,0.0
DOWN,main_scroll,6665,1775877038394,0.0
DOWN,main_scroll,6677,1775877038411,0.0
DOWN,main_scroll,6694,1775877038427,0.0
DOWN,main_scroll,6714,1775877038444,0.0
DOWN,main_scroll,6734,1775877038461,0.0
DOWN,main_scroll,6754,1775877038477,0.0
DOWN,main_scroll,6774,1775877038494,0.0
DOWN,main_scroll,6792,1775877038511,0.0
DOWN,main_scroll,6809,1775877038528,0.0
DOWN,main_scroll,6825,1775877038545,0.0
DOWN,main_scroll,6839,1775877038561,0.0
DOWN,main_scroll,6853,1775877038577,0.0
DOWN,main_scroll,6866,1775877038594,0.0
DOWN,main_scroll,6878,1775877038611,0.0
DOWN,main_scroll,6888,1775877038628,0.0
DOWN,main_scroll,6898,1775877038644,0.0
DOWN,main_scroll,6907,1775877038661,0.0
DOWN,main_scroll,6916,1775877038677,0.0
DOWN,main_scroll,6924,1775877038694,0.0
DOWN,main_scroll,6932,1775877038711,0.0
DOWN,main_scroll,6938,1775877038728,0.0
DOWN,main_scroll,6945,1775877038744,0.0
DOWN,main_scroll,6952,1775877038761,0.0
DOWN,main_scroll,6957,1775877038778,0.0
DOWN,main_scroll,6963,1775877038795,0.0
DOWN,main_scroll,6969,1775877038845,0.0
DOWN,main_scroll,6975,1775877038861,0.0
DOWN,main_scroll,7003,1775877038878,0.0
DOWN,main_scroll,7031,1775877038895,0.0
DOWN,main_scroll,7047,1775877038912,0.0
DOWN,main_scroll,7057,1775877038928,0.0
DOWN,main_scroll,7062,1775877038945,0.0
DOWN,main_scroll,7065,1775877038961,0.0
DOWN,main_scroll,7067,1775877038978,0.0
DOWN,main_scroll,7071,1775877038995,0.0
DOWN,main_scroll,7076,1775877039011,0.0
DOWN,main_scroll,7084,1775877039028,0.0
DOWN,main_scroll,7091,1775877039045,0.0
DOWN,main_scroll,7098,1775877039061,0.0
DOWN,main_scroll,7102,1775877039078,0.0
DOWN,main_scroll,7104,1775877039095,0.0
DOWN,main_scroll,7107,1775877039112,0.0
DOWN,main_scroll,7209,1775877041532,0.0
DOWN,main_scroll,7437,1775877041549,0.0
DOWN,main_scroll,7643,1775877041566,0.0
DOWN,main_scroll,7763,1775877041582,0.0
DOWN,main_scroll,7832,1775877041599,0.0
DOWN,main_scroll,7871,1775877041616,0.0
DOWN,main_scroll,7895,1775877041633,0.0
DOWN,main_scroll,7909,1775877041650,0.0
DOWN,main_scroll,7917,1775877041666,0.0
DOWN,main_scroll,7922,1775877041683,0.0
DOWN,main_scroll,7925,1775877041699,0.0
DOWN,main_scroll,7926,1775877041716,0.0
DOWN,main_scroll,7927,1775877041733,0.0
DOWN,main_scroll,7928,1775877041749,0.0
DOWN,main_scroll,7961,1775877050529,0.0
DOWN,main_scroll,7998,1775877050546,0.0
DOWN,main_scroll,8093,1775877050562,0.0
DOWN,main_scroll,8162,1775877050579,0.0
DOWN,main_scroll,8209,1775877050596,0.0
DOWN,main_scroll,8248,1775877050612,0.0
DOWN,main_scroll,8282,1775877050629,0.0
DOWN,main_scroll,8313,1775877050647,0.0
DOWN,main_scroll,8338,1775877050662,0.0
DOWN,main_scroll,8361,1775877050679,0.0
DOWN,main_scroll,8384,1775877050696,0.0
DOWN,main_scroll,8406,1775877050713,0.0
DOWN,main_scroll,8433,1775877050730,0.0
DOWN,main_scroll,8459,1775877050746,0.0
DOWN,main_scroll,8481,1775877050763,0.0
DOWN,main_scroll,8497,1775877050780,0.0
DOWN,main_scroll,8503,1775877050796,0.0
DOWN,main_scroll,8508,1775877050813,0.0
DOWN,main_scroll,8511,1775877050829,0.0
DOWN,main_scroll,8514,1775877050846,0.0
DOWN,main_scroll,8516,1775877050863,0.0
DOWN,main_scroll,8518,1775877050879,0.0
DOWN,main_scroll,8520,1775877050896,0.0
DOWN,main_scroll,8523,1775877050913,0.0
DOWN,main_scroll,8527,1775877050930,0.0
DOWN,main_scroll,8529,1775877050947,0.0
DOWN,main_scroll,8533,1775877050957,0.0
DOWN,main_scroll,8534,1775877050965,0.0
DOWN,main_scroll,8536,1775877050980,0.0
DOWN,main_scroll,8539,1775877050998,0.0
DOWN,main_scroll,8541,1775877051014,0.0
DOWN,main_scroll,8543,1775877051031,0.0
DOWN,main_scroll,8545,1775877051048,0.0
DOWN,main_scroll,8546,1775877051064,0.0
DOWN,main_scroll,8548,1775877051080,0.0
DOWN,main_scroll,8549,1775877051114,0.0
DOWN,main_scroll,8550,1775877051131,0.0
DOWN,main_scroll,8551,1775877051164,0.0
DOWN,main_scroll,8552,1775877051214,0.0
DOWN,main_scroll,8543,1775877051414,0.0
DOWN,main_scroll,8531,1775877051430,0.0
DOWN,main_scroll,8513,1775877051447,0.0
DOWN,main_scroll,8492,1775877051464,0.0
DOWN,main_scroll,8471,1775877051480,0.0
DOWN,main_scroll,8450,1775877051497,0.0
DOWN,main_scroll,8429,1775877051514,0.0
DOWN,main_scroll,8410,1775877051530,0.0
DOWN,main_scroll,8392,1775877051547,0.0
DOWN,main_scroll,8375,1775877051564,0.0
DOWN,main_scroll,8361,1775877051580,0.0
DOWN,main_scroll,8346,1775877051597,0.0
DOWN,main_scroll,8333,1775877051614,0.0
DOWN,main_scroll,8321,1775877051631,0.0
DOWN,main_scroll,8310,1775877051647,0.0
DOWN,main_scroll,8299,1775877051664,0.0
DOWN,main_scroll,8289,1775877051681,0.0
DOWN,main_scroll,8281,1775877051697,0.0
DOWN,main_scroll,8272,1775877051714,0.0
DOWN,main_scroll,8264,1775877051731,0.0
DOWN,main_scroll,8257,1775877051748,0.0
DOWN,main_scroll,8250,1775877051764,0.0
DOWN,main_scroll,8243,1775877051782,0.0
DOWN,main_scroll,8237,1775877051798,0.0
DOWN,main_scroll,8231,1775877051815,0.0
DOWN,main_scroll,8226,1775877051831,0.0
DOWN,main_scroll,8220,1775877051848,0.0
DOWN,main_scroll,8216,1775877051865,0.0
DOWN,main_scroll,8211,1775877051881,0.0
DOWN,main_scroll,8207,1775877051898,0.0
DOWN,main_scroll,8205,1775877051917,0.0
DOWN,main_scroll,8203,1775877051931,0.0
DOWN,main_scroll,8201,1775877051965,0.0
DOWN,main_scroll,8200,1775877051998,0.0
DOWN,main_scroll,8199,1775877052015,0.0
DOWN,main_scroll,8198,1775877052065,0.0
DOWN,main_scroll,8229,1775877052399,0.0
DOWN,main_scroll,8299,1775877052415,0.0
DOWN,main_scroll,8363,1775877052433,0.0
DOWN,main_scroll,8399,1775877052449,0.0
DOWN,main_scroll,8420,1775877052466,0.0
DOWN,main_scroll,8432,1775877052483,0.0
DOWN,main_scroll,8440,1775877052501,0.0
DOWN,main_scroll,8444,1775877052516,0.0
DOWN,main_scroll,8447,1775877052533,0.0
DOWN,main_scroll,8448,1775877052549,0.0
DOWN,main_scroll,8449,1775877052566,0.0
DOWN,main_scroll,8450,1775877052599,0.0
DOWN,main_scroll,8466,1775877055921,0.0
DOWN,main_scroll,8501,1775877055938,0.0
DOWN,main_scroll,8573,1775877055955,0.0
DOWN,main_scroll,8657,1775877055972,0.0
DOWN,main_scroll,8719,1775877055988,0.0
DOWN,main_scroll,8759,1775877056004,0.0
DOWN,main_scroll,8792,1775877056021,0.0
DOWN,main_scroll,8818,1775877056038,0.0
DOWN,main_scroll,8839,1775877056054,0.0
DOWN,main_scroll,8854,1775877056071,0.0
DOWN,main_scroll,8865,1775877056088,0.0
DOWN,main_scroll,8874,1775877056105,0.0
DOWN,main_scroll,8883,1775877056121,0.0
DOWN,main_scroll,8891,1775877056139,0.0
DOWN,main_scroll,8902,1775877056155,0.0
DOWN,main_scroll,8911,1775877056171,0.0
DOWN,main_scroll,8920,1775877056188,0.0
DOWN,main_scroll,8925,1775877056205,0.0
DOWN,main_scroll,8927,1775877056221,0.0
DOWN,main_scroll,8925,1775877056255,0.0
DOWN,main_scroll,8923,1775877056272,0.0
DOWN,main_scroll,8922,1775877056276,0.0
DOWN,main_scroll,8919,1775877056289,0.0
DOWN,main_scroll,8916,1775877056305,0.0
DOWN,main_scroll,8913,1775877056322,0.0
DOWN,main_scroll,8910,1775877056339,0.0
DOWN,main_scroll,8907,1775877056355,0.0
DOWN,main_scroll,8904,1775877056373,0.0
DOWN,main_scroll,8902,1775877056389,0.0
DOWN,main_scroll,8900,1775877056405,0.0
DOWN,main_scroll,8899,1775877056422,0.0
DOWN,main_scroll,8898,1775877056439,0.0
DOWN,main_scroll,8897,1775877056456,0.0
DOWN,main_scroll,8896,1775877056472,0.0
DOWN,main_scroll,8895,1775877056489,0.0
DOWN,main_scroll,8894,1775877056506,0.0
DOWN,main_scroll,8893,1775877056539,0.0
DOWN,main_scroll,8892,1775877056589,0.0
DOWN,main_scroll,8902,1775877056823,0.0
DOWN,main_scroll,8924,1775877056840,0.0
DOWN,main_scroll,8944,1775877056856,0.0
DOWN,main_scroll,8956,1775877056873,0.0
DOWN,main_scroll,8962,1775877056890,0.0
DOWN,main_scroll,8966,1775877056907,0.0
DOWN,main_scroll,8969,1775877056924,0.0
DOWN,main_scroll,8970,1775877056941,0.0
DOWN,main_scroll,8971,1775877056957,0.0
DOWN,main_scroll,8972,1775877056990,0.0
DOWN,main_scroll,8980,1775877064469,0.0
DOWN,main_scroll,9026,1775877064485,0.0
DOWN,main_scroll,9105,1775877064503,0.0
DOWN,main_scroll,9175,1775877064519,0.0
DOWN,main_scroll,9235,1775877064536,0.0
DOWN,main_scroll,9289,1775877064552,0.0
DOWN,main_scroll,9333,1775877064569,0.0
DOWN,main_scroll,9363,1775877064586,0.0
DOWN,main_scroll,9386,1775877064602,0.0
DOWN,main_scroll,9402,1775877064619,0.0
DOWN,main_scroll,9418,1775877064635,0.0
DOWN,main_scroll,9434,1775877064652,0.0
DOWN,main_scroll,9450,1775877064669,0.0
DOWN,main_scroll,9460,1775877064686,0.0
DOWN,main_scroll,9465,1775877064703,0.0
DOWN,main_scroll,9466,1775877064719,0.0
DOWN,main_scroll,9467,1775877064753,0.0
DOWN,main_scroll,9468,1775877064786,0.0
DOWN,main_scroll,9470,1775877064803,0.0
DOWN,main_scroll,9473,1775877064819,0.0
DOWN,main_scroll,9474,1775877064822,0.0
DOWN,main_scroll,9477,1775877064836,0.0
DOWN,main_scroll,9478,1775877064853,0.0
DOWN,main_scroll,9480,1775877064870,0.0
DOWN,main_scroll,9482,1775877064886,0.0
DOWN,main_scroll,9483,1775877064903,0.0
DOWN,main_scroll,9485,1775877064920,0.0
DOWN,main_scroll,9486,1775877064953,0.0
DOWN,main_scroll,9487,1775877064970,0.0
DOWN,main_scroll,9488,1775877065003,0.0
DOWN,main_scroll,9489,1775877065053,0.0
DOWN,main_scroll,9490,1775877065471,0.0
DOWN,main_scroll,9491,1775877065487,0.0
DOWN,main_scroll,9492,1775877065506,0.0
DOWN,main_scroll,9493,1775877065521,0.0
DOWN,main_scroll,9494,1775877065554,0.0
DOWN,main_scroll,9499,1775877080762,0.0
DOWN,main_scroll,9521,1775877080779,0.0
DOWN,main_scroll,9564,1775877080795,0.0
DOWN,main_scroll,9617,1775877080812,0.0
DOWN,main_scroll,9657,1775877080829,0.0
DOWN,main_scroll,9696,1775877080846,0.0
DOWN,main_scroll,9737,1775877080862,0.0
DOWN,main_scroll,9778,1775877080879,0.0
DOWN,main_scroll,9814,1775877080895,0.0
DOWN,main_scroll,9852,1775877080912,0.0
DOWN,main_scroll,9886,1775877080929,0.0
DOWN,main_scroll,9917,1775877080945,0.0
DOWN,main_scroll,9943,1775877080962,0.0
DOWN,main_scroll,9967,1775877080979,0.0
DOWN,main_scroll,9989,1775877080996,0.0
DOWN,main_scroll,10002,1775877081012,0.0
DOWN,main_scroll,10009,1775877081029,0.0
DOWN,main_scroll,10016,1775877081046,0.0
DOWN,main_scroll,10023,1775877081062,0.0
DOWN,main_scroll,10028,1775877081079,0.0
DOWN,main_scroll,10034,1775877081096,0.0
DOWN,main_scroll,10038,1775877081113,0.0
DOWN,main_scroll,10041,1775877081130,0.0
DOWN,main_scroll,10043,1775877081146,0.0
DOWN,main_scroll,10044,1775877081163,0.0
DOWN,main_scroll,10043,1775877081179,0.0
DOWN,main_scroll,10044,1775877081190,0.0
DOWN,main_scroll,10055,1775877084852,0.0
DOWN,main_scroll,10120,1775877084869,0.0
DOWN,main_scroll,10205,1775877084886,0.0
DOWN,main_scroll,10270,1775877084903,0.0
DOWN,main_scroll,10311,1775877084919,0.0
DOWN,main_scroll,10343,1775877084935,0.0
DOWN,main_scroll,10368,1775877084952,0.0
DOWN,main_scroll,10395,1775877084969,0.0
DOWN,main_scroll,10417,1775877084986,0.0
DOWN,main_scroll,10438,1775877085003,0.0
DOWN,main_scroll,10455,1775877085019,0.0
DOWN,main_scroll,10468,1775877085036,0.0
DOWN,main_scroll,10477,1775877085052,0.0
DOWN,main_scroll,10484,1775877085070,0.0
DOWN,main_scroll,10494,1775877085086,0.0
DOWN,main_scroll,10504,1775877085103,0.0
DOWN,main_scroll,10515,1775877085119,0.0
DOWN,main_scroll,10525,1775877085136,0.0
DOWN,main_scroll,10535,1775877085153,0.0
DOWN,main_scroll,10543,1775877085169,0.0
DOWN,main_scroll,10548,1775877085186,0.0
DOWN,main_scroll,10551,1775877085203,0.0
DOWN,main_scroll,10552,1775877085220,0.0
DOWN,main_scroll,10554,1775877085230,0.0
DOWN,main_scroll,10558,1775877085990,0.0
DOWN,main_scroll,10568,1775877086004,0.0
DOWN,main_scroll,10578,1775877086022,0.0
DOWN,main_scroll,10583,1775877086039,0.0
DOWN,main_scroll,10586,1775877086055,0.0
DOWN,main_scroll,10587,1775877086071,0.0
DOWN,main_scroll,10589,1775877086089,0.0
DOWN,main_scroll,10590,1775877086121,0.0
DOWN,main_scroll,10611,1775877093450,0.0
DOWN,main_scroll,10702,1775877093466,0.0
DOWN,main_scroll,10774,1775877093483,0.0
DOWN,main_scroll,10829,1775877093500,0.0
DOWN,main_scroll,10874,1775877093516,0.0
DOWN,main_scroll,10908,1775877093533,0.0
DOWN,main_scroll,10935,1775877093550,0.0
DOWN,main_scroll,10956,1775877093566,0.0
DOWN,main_scroll,10975,1775877093583,0.0
DOWN,main_scroll,10995,1775877093600,0.0
DOWN,main_scroll,11018,1775877093617,0.0
DOWN,main_scroll,11036,1775877093634,0.0
DOWN,main_scroll,11050,1775877093650,0.0
DOWN,main_scroll,11057,1775877093667,0.0
DOWN,main_scroll,11060,1775877093683,0.0
DOWN,main_scroll,11064,1775877093701,0.0
DOWN,main_scroll,11069,1775877093717,0.0
DOWN,main_scroll,11075,1775877093734,0.0
DOWN,main_scroll,11081,1775877093751,0.0
DOWN,main_scroll,11087,1775877093768,0.0
DOWN,main_scroll,11092,1775877093784,0.0
DOWN,main_scroll,11095,1775877093801,0.0
DOWN,main_scroll,11097,1775877093818,0.0
DOWN,main_scroll,11099,1775877093835,0.0
DOWN,main_scroll,11101,1775877093851,0.0
DOWN,main_scroll,11103,1775877093867,0.0
DOWN,main_scroll,11106,1775877093878,0.0
DOWN,main_scroll,11107,1775877094569,0.0
DOWN,main_scroll,11108,1775877094586,0.0
DOWN,main_scroll,11110,1775877094603,0.0
DOWN,main_scroll,11111,1775877094619,0.0
DOWN,main_scroll,11112,1775877094652,0.0
DOWN,main_scroll,11120,1775877097491,0.0
DOWN,main_scroll,11184,1775877097507,0.0
DOWN,main_scroll,11247,1775877097524,0.0
DOWN,main_scroll,11292,1775877097540,0.0
DOWN,main_scroll,11330,1775877097557,0.0
DOWN,main_scroll,11363,1775877097574,0.0
DOWN,main_scroll,11393,1775877097590,0.0
DOWN,main_scroll,11421,1775877097607,0.0
DOWN,main_scroll,11451,1775877097624,0.0
DOWN,main_scroll,11480,1775877097640,0.0
DOWN,main_scroll,11504,1775877097657,0.0
DOWN,main_scroll,11524,1775877097674,0.0
DOWN,main_scroll,11538,1775877097691,0.0
DOWN,main_scroll,11549,1775877097707,0.0
DOWN,main_scroll,11556,1775877097725,0.0
DOWN,main_scroll,11565,1775877097741,0.0
DOWN,main_scroll,11576,1775877097757,0.0
DOWN,main_scroll,11590,1775877097774,0.0
DOWN,main_scroll,11603,1775877097791,0.0
DOWN,main_scroll,11616,1775877097808,0.0
DOWN,main_scroll,11625,1775877097824,0.0
DOWN,main_scroll,11632,1775877097841,0.0
DOWN,main_scroll,11640,1775877097858,0.0
DOWN,main_scroll,11647,1775877097874,0.0
DOWN,main_scroll,11654,1775877097891,0.0
DOWN,main_scroll,11658,1775877097902,0.0
DOWN,main_scroll,11660,1775877097908,0.0
DOWN,main_scroll,11662,1775877097925,0.0
DOWN,main_scroll,11666,1775877097942,0.0
DOWN,main_scroll,11669,1775877097958,0.0
DOWN,main_scroll,11672,1775877097975,0.0
DOWN,main_scroll,11675,1775877097992,0.0
DOWN,main_scroll,11678,1775877098008,0.0
DOWN,main_scroll,11680,1775877098025,0.0
DOWN,main_scroll,11681,1775877098041,0.0
DOWN,main_scroll,11683,1775877098058,0.0
DOWN,main_scroll,11684,1775877098075,0.0
DOWN,main_scroll,11685,1775877098092,0.0
DOWN,main_scroll,11686,1775877098108,0.0
DOWN,main_scroll,11687,1775877098143,0.0
DOWN,main_scroll,11688,1775877098176,0.0
DOWN,main_scroll,11689,1775877098225,0.0
DOWN,main_scroll,11724,1775877100279,0.0
DOWN,main_scroll,11752,1775877100295,0.0
DOWN,main_scroll,11773,1775877100312,0.0
DOWN,main_scroll,11794,1775877100329,0.0
DOWN,main_scroll,11812,1775877100345,0.0
DOWN,main_scroll,11827,1775877100362,0.0
DOWN,main_scroll,11845,1775877100379,0.0
DOWN,main_scroll,11863,1775877100395,0.0
DOWN,main_scroll,11875,1775877100412,0.0
DOWN,main_scroll,11883,1775877100429,0.0
DOWN,main_scroll,11889,1775877100445,0.0
DOWN,main_scroll,11895,1775877100462,0.0
DOWN,main_scroll,11904,1775877100479,0.0
DOWN,main_scroll,11913,1775877100495,0.0
DOWN,main_scroll,11921,1775877100512,0.0
DOWN,main_scroll,11927,1775877100529,0.0
DOWN,main_scroll,11935,1775877100546,0.0
DOWN,main_scroll,11946,1775877100563,0.0
DOWN,main_scroll,11958,1775877100579,0.0
DOWN,main_scroll,11971,1775877100596,0.0
DOWN,main_scroll,11984,1775877100613,0.0
DOWN,main_scroll,11996,1775877100629,0.0
DOWN,main_scroll,12009,1775877100646,0.0
DOWN,main_scroll,12023,1775877100663,0.0
DOWN,main_scroll,12043,1775877100679,0.0
DOWN,main_scroll,12060,1775877100696,0.0
DOWN,main_scroll,12068,1775877100713,0.0
DOWN,main_scroll,12073,1775877100729,0.0
DOWN,main_scroll,12076,1775877100746,0.0
DOWN,main_scroll,12078,1775877100763,0.0
DOWN,main_scroll,12079,1775877100780,0.0
DOWN,main_scroll,12082,1775877100796,0.0
DOWN,main_scroll,12085,1775877100813,0.0
DOWN,main_scroll,12088,1775877100830,0.0
DOWN,main_scroll,12092,1775877100846,0.0
DOWN,main_scroll,12098,1775877100863,0.0
DOWN,main_scroll,12106,1775877100879,0.0
DOWN,main_scroll,12118,1775877100896,0.0
DOWN,main_scroll,12134,1775877100913,0.0
DOWN,main_scroll,12155,1775877100930,0.0
DOWN,main_scroll,12168,1775877100940,0.0
DOWN,main_scroll,12175,1775877100947,0.0
DOWN,main_scroll,12186,1775877100963,0.0
DOWN,main_scroll,12204,1775877100980,0.0
DOWN,main_scroll,12223,1775877100997,0.0
DOWN,main_scroll,12243,1775877101013,0.0
DOWN,main_scroll,12262,1775877101030,0.0
DOWN,main_scroll,12280,1775877101047,0.0
DOWN,main_scroll,12298,1775877101063,0.0
DOWN,main_scroll,12315,1775877101080,0.0
DOWN,main_scroll,12330,1775877101097,0.0
DOWN,main_scroll,12343,1775877101113,0.0
DOWN,main_scroll,12356,1775877101130,0.0
DOWN,main_scroll,12368,1775877101147,0.0
DOWN,main_scroll,12379,1775877101164,0.0
DOWN,main_scroll,12389,1775877101180,0.0
DOWN,main_scroll,12398,1775877101197,0.0
DOWN,main_scroll,12407,1775877101214,0.0
DOWN,main_scroll,12415,1775877101230,0.0
DOWN,main_scroll,12423,1775877101247,0.0
DOWN,main_scroll,12430,1775877101264,0.0
DOWN,main_scroll,12436,1775877101281,0.0
DOWN,main_scroll,12443,1775877101297,0.0
DOWN,main_scroll,12449,1775877101314,0.0
DOWN,main_scroll,12454,1775877101331,0.0
DOWN,main_scroll,12459,1775877101347,0.0
DOWN,main_scroll,12464,1775877101364,0.0
DOWN,main_scroll,12468,1775877101381,0.0
DOWN,main_scroll,12472,1775877101397,0.0
DOWN,main_scroll,12477,1775877101414,0.0
DOWN,main_scroll,12480,1775877101431,0.0
DOWN,main_scroll,12484,1775877101448,0.0
DOWN,main_scroll,12487,1775877101464,0.0
DOWN,main_scroll,12490,1775877101481,0.0
DOWN,main_scroll,12493,1775877101498,0.0
DOWN,main_scroll,12496,1775877101514,0.0
DOWN,main_scroll,12498,1775877101532,0.0
DOWN,main_scroll,12501,1775877101548,0.0
DOWN,main_scroll,12503,1775877101564,0.0
DOWN,main_scroll,12505,1775877101581,0.0
DOWN,main_scroll,12507,1775877101598,0.0
DOWN,main_scroll,12509,1775877101615,0.0
DOWN,main_scroll,12511,1775877101698,0.0
DOWN,main_scroll,12512,1775877101715,0.0
DOWN,main_scroll,12516,1775877101731,0.0
DOWN,main_scroll,12532,1775877101748,0.0
DOWN,main_scroll,12553,1775877101765,0.0
DOWN,main_scroll,12572,1775877101781,0.0
DOWN,main_scroll,12591,1775877101798,0.0
DOWN,main_scroll,12603,1775877101815,0.0
DOWN,main_scroll,12611,1775877101831,0.0
DOWN,main_scroll,12615,1775877101848,0.0
DOWN,main_scroll,12616,1775877101865,0.0
DOWN,main_scroll,12618,1775877101881,0.0
DOWN,main_scroll,12619,1775877101898,0.0
DOWN,main_scroll,12620,1775877101915,0.0
DOWN,main_scroll,12622,1775877101932,0.0
DOWN,main_scroll,12623,1775877101948,0.0
DOWN,main_scroll,12624,1775877101965,0.0
DOWN,main_scroll,12627,1775877101982,0.0
DOWN,main_scroll,12629,1775877101998,0.0
DOWN,main_scroll,12632,1775877102015,0.0
DOWN,main_scroll,12634,1775877102025,0.0
DOWN,main_scroll,12635,1775877102032,0.0
DOWN,main_scroll,12636,1775877102049,0.0
DOWN,main_scroll,12638,1775877102065,0.0
DOWN,main_scroll,12640,1775877102082,0.0
DOWN,main_scroll,12642,1775877102099,0.0
DOWN,main_scroll,12643,1775877102116,0.0
DOWN,main_scroll,12644,1775877102133,0.0
DOWN,main_scroll,12645,1775877102149,0.0
DOWN,main_scroll,12646,1775877102183,0.0
DOWN,main_scroll,12647,1775877102232,0.0
DOWN,main_scroll,12664,1775877102850,0.0
DOWN,main_scroll,12702,1775877102867,0.0
DOWN,main_scroll,12733,1775877102884,0.0
DOWN,main_scroll,12751,1775877102900,0.0
DOWN,main_scroll,12762,1775877102917,0.0
DOWN,main_scroll,12768,1775877102934,0.0
DOWN,main_scroll,12774,1775877102950,0.0
DOWN,main_scroll,12781,1775877102967,0.0
DOWN,main_scroll,12789,1775877102985,0.0
DOWN,main_scroll,12797,1775877103000,0.0
DOWN,main_scroll,12805,1775877103017,0.0
DOWN,main_scroll,12814,1775877103034,0.0
DOWN,main_scroll,12824,1775877103050,0.0
DOWN,main_scroll,12835,1775877103067,0.0
DOWN,main_scroll,12846,1775877103084,0.0
DOWN,main_scroll,12857,1775877103100,0.0
DOWN,main_scroll,12867,1775877103117,0.0
DOWN,main_scroll,12875,1775877103134,0.0
DOWN,main_scroll,12887,1775877103151,0.0
DOWN,main_scroll,12899,1775877103161,0.0
DOWN,main_scroll,12902,1775877103167,0.0
DOWN,main_scroll,12908,1775877103184,0.0
DOWN,main_scroll,12916,1775877103201,0.0
DOWN,main_scroll,12925,1775877103217,0.0
DOWN,main_scroll,12934,1775877103235,0.0
DOWN,main_scroll,12942,1775877103251,0.0
DOWN,main_scroll,12950,1775877103268,0.0
DOWN,main_scroll,12956,1775877103284,0.0
DOWN,main_scroll,12962,1775877103301,0.0
DOWN,main_scroll,12967,1775877103318,0.0
DOWN,main_scroll,12972,1775877103335,0.0
DOWN,main_scroll,12976,1775877103351,0.0
DOWN,main_scroll,12980,1775877103368,0.0
DOWN,main_scroll,12983,1775877103384,0.0
DOWN,main_scroll,12986,1775877103403,0.0
DOWN,main_scroll,12989,1775877103418,0.0
DOWN,main_scroll,12991,1775877103435,0.0
DOWN,main_scroll,12994,1775877103452,0.0
DOWN,main_scroll,12996,1775877103468,0.0
DOWN,main_scroll,12998,1775877103485,0.0
DOWN,main_scroll,12999,1775877103502,0.0
DOWN,main_scroll,13001,1775877103519,0.0
DOWN,main_scroll,13002,1775877103535,0.0
DOWN,main_scroll,13003,1775877103551,0.0
DOWN,main_scroll,13004,1775877103568,0.0
DOWN,main_scroll,13006,1775877103585,0.0
DOWN,main_scroll,13007,1775877103619,0.0
DOWN,main_scroll,13008,1775877103635,0.0
DOWN,main_scroll,13009,1775877103652,0.0
DOWN,main_scroll,13010,1775877103685,0.0
DOWN,main_scroll,13011,1775877103735,0.0
DOWN,main_scroll,13075,1775877103885,0.0
DOWN,main_scroll,13113,1775877103902,0.0
DOWN,main_scroll,13128,1775877103919,0.0
DOWN,main_scroll,13135,1775877103935,0.0
DOWN,main_scroll,13141,1775877103952,0.0
DOWN,main_scroll,13149,1775877103969,0.0
DOWN,main_scroll,13159,1775877103985,0.0
DOWN,main_scroll,13170,1775877104003,0.0
DOWN,main_scroll,13182,1775877104019,0.0
DOWN,main_scroll,13194,1775877104036,0.0
DOWN,main_scroll,13202,1775877104052,0.0
DOWN,main_scroll,13207,1775877104070,0.0
DOWN,main_scroll,13211,1775877104086,0.0
DOWN,main_scroll,13213,1775877104103,0.0
DOWN,main_scroll,13215,1775877104119,0.0
DOWN,main_scroll,13217,1775877104136,0.0
DOWN,main_scroll,13219,1775877104153,0.0
DOWN,main_scroll,13222,1775877104170,0.0
DOWN,main_scroll,13223,1775877104186,0.0
DOWN,main_scroll,13283,1775877106240,0.0
DOWN,main_scroll,13323,1775877106257,0.0
DOWN,main_scroll,13356,1775877106273,0.0
DOWN,main_scroll,13390,1775877106290,0.0
DOWN,main_scroll,13426,1775877106307,0.0
DOWN,main_scroll,13470,1775877106323,0.0
DOWN,main_scroll,13492,1775877106333,0.0
DOWN,main_scroll,13504,1775877106340,0.0
DOWN,main_scroll,13522,1775877106357,0.0
DOWN,main_scroll,13550,1775877106373,0.0
DOWN,main_scroll,13584,1775877106390,0.0
DOWN,main_scroll,13617,1775877106407,0.0
DOWN,main_scroll,13651,1775877106424,0.0
DOWN,main_scroll,13686,1775877106440,0.0
DOWN,main_scroll,13717,1775877106457,0.0
DOWN,main_scroll,13748,1775877106473,0.0
DOWN,main_scroll,13778,1775877106490,0.0
DOWN,main_scroll,13805,1775877106507,0.0
DOWN,main_scroll,13830,1775877106524,0.0
DOWN,main_scroll,13854,1775877106540,0.0
DOWN,main_scroll,13877,1775877106557,0.0
DOWN,main_scroll,13898,1775877106574,0.0
DOWN,main_scroll,13918,1775877106590,0.0
DOWN,main_scroll,13937,1775877106607,0.0
DOWN,main_scroll,13954,1775877106623,0.0
DOWN,main_scroll,13972,1775877106640,0.0
DOWN,main_scroll,13988,1775877106657,0.0
DOWN,main_scroll,14003,1775877106674,0.0
DOWN,main_scroll,14017,1775877106691,0.0
DOWN,main_scroll,14030,1775877106707,0.0
DOWN,main_scroll,14043,1775877106724,0.0
DOWN,main_scroll,14055,1775877106740,0.0
DOWN,main_scroll,14067,1775877106757,0.0
DOWN,main_scroll,14068,1775877106808,0.0
DOWN,main_scroll,14071,1775877106825,0.0
DOWN,main_scroll,14083,1775877106841,0.0
DOWN,main_scroll,14102,1775877106858,0.0
DOWN,main_scroll,14123,1775877106875,0.0
DOWN,main_scroll,14148,1775877106891,0.0
DOWN,main_scroll,14169,1775877106911,0.0
DOWN,main_scroll,14182,1775877106924,0.0
DOWN,main_scroll,14196,1775877106941,0.0
DOWN,main_scroll,14209,1775877106958,0.0
DOWN,main_scroll,14220,1775877106975,0.0
DOWN,main_scroll,14230,1775877106991,0.0
DOWN,main_scroll,14240,1775877107008,0.0
DOWN,main_scroll,14251,1775877107024,0.0
DOWN,main_scroll,14261,1775877107041,0.0
DOWN,main_scroll,14272,1775877107058,0.0
DOWN,main_scroll,14282,1775877107076,0.0
DOWN,main_scroll,14291,1775877107091,0.0
DOWN,main_scroll,14301,1775877107108,0.0
DOWN,main_scroll,14310,1775877107124,0.0
DOWN,main_scroll,14317,1775877107141,0.0
DOWN,main_scroll,14324,1775877107158,0.0
DOWN,main_scroll,14328,1775877107175,0.0
DOWN,main_scroll,14333,1775877107191,0.0
DOWN,main_scroll,14337,1775877107208,0.0
DOWN,main_scroll,14340,1775877107225,0.0
DOWN,main_scroll,14342,1775877107241,0.0
DOWN,main_scroll,14343,1775877107269,0.0
DOWN,main_scroll,14374,1775877107709,0.0
DOWN,main_scroll,14394,1775877107726,0.0
DOWN,main_scroll,14403,1775877107742,0.0
DOWN,main_scroll,14412,1775877107759,0.0
DOWN,main_scroll,14421,1775877107776,0.0
DOWN,main_scroll,14433,1775877107792,0.0
DOWN,main_scroll,14446,1775877107809,0.0
DOWN,main_scroll,14461,1775877107826,0.0
DOWN,main_scroll,14475,1775877107843,0.0
DOWN,main_scroll,14488,1775877107859,0.0
DOWN,main_scroll,14501,1775877107876,0.0
DOWN,main_scroll,14515,1775877107893,0.0
DOWN,main_scroll,14529,1775877107909,0.0
DOWN,main_scroll,14542,1775877107926,0.0
DOWN,main_scroll,14555,1775877107943,0.0
DOWN,main_scroll,14571,1775877107959,0.0
DOWN,main_scroll,14585,1775877107976,0.0
DOWN,main_scroll,14598,1775877107993,0.0
DOWN,main_scroll,14609,1775877108009,0.0
DOWN,main_scroll,14622,1775877108026,0.0
DOWN,main_scroll,14636,1775877108043,0.0
DOWN,main_scroll,14648,1775877108059,0.0
DOWN,main_scroll,14656,1775877108076,0.0
DOWN,main_scroll,14658,1775877108080,0.0
DOWN,main_scroll,14666,1775877108093,0.0
DOWN,main_scroll,14671,1775877108110,0.0
DOWN,main_scroll,14678,1775877108127,0.0
DOWN,main_scroll,14686,1775877108143,0.0
DOWN,main_scroll,14694,1775877108160,0.0
DOWN,main_scroll,14701,1775877108176,0.0
DOWN,main_scroll,14707,1775877108193,0.0
DOWN,main_scroll,14713,1775877108211,0.0
DOWN,main_scroll,14718,1775877108227,0.0
DOWN,main_scroll,14723,1775877108243,0.0
DOWN,main_scroll,14727,1775877108261,0.0
DOWN,main_scroll,14730,1775877108277,0.0
DOWN,main_scroll,14733,1775877108294,0.0
DOWN,main_scroll,14736,1775877108310,0.0
DOWN,main_scroll,14739,1775877108327,0.0
DOWN,main_scroll,14741,1775877108344,0.0
DOWN,main_scroll,14743,1775877108360,0.0
DOWN,main_scroll,14745,1775877108377,0.0
DOWN,main_scroll,14746,1775877108394,0.0
DOWN,main_scroll,14748,1775877108410,0.0
DOWN,main_scroll,14749,1775877108427,0.0
DOWN,main_scroll,14751,1775877108444,0.0
DOWN,main_scroll,14752,1775877108460,0.0
DOWN,main_scroll,14753,1775877108477,0.0
DOWN,main_scroll,14754,1775877108494,0.0
DOWN,main_scroll,14755,1775877108531,0.0
DOWN,main_scroll,14756,1775877108544,0.0
DOWN,main_scroll,14757,1775877108577,0.0
DOWN,main_scroll,14758,1775877108628,0.0
DOWN,main_scroll,14821,1775877110264,0.0
DOWN,main_scroll,14849,1775877110280,0.0
DOWN,main_scroll,14862,1775877110297,0.0
DOWN,main_scroll,14870,1775877110314,0.0
DOWN,main_scroll,14879,1775877110331,0.0
DOWN,main_scroll,14890,1775877110347,0.0
DOWN,main_scroll,14899,1775877110364,0.0
DOWN,main_scroll,14905,1775877110381,0.0
DOWN,main_scroll,14909,1775877110397,0.0
DOWN,main_scroll,14910,1775877110414,0.0
DOWN,main_scroll,14912,1775877110432,0.0
DOWN,main_scroll,14913,1775877110436,0.0
DOWN,main_scroll,14979,1775877111349,0.0
DOWN,main_scroll,15040,1775877111366,0.0
DOWN,main_scroll,15041,1775877111368,0.0
DOWN,main_scroll,15090,1775877111382,0.0
DOWN,main_scroll,15120,1775877111400,0.0
DOWN,main_scroll,15169,1775877111416,0.0
DOWN,main_scroll,15220,1775877111433,0.0
DOWN,main_scroll,15278,1775877111449,0.0
DOWN,main_scroll,15334,1775877111466,0.0
DOWN,main_scroll,15389,1775877111483,0.0
DOWN,main_scroll,15444,1775877111499,0.0
DOWN,main_scroll,15497,1775877111516,0.0
DOWN,main_scroll,15545,1775877111533,0.0
DOWN,main_scroll,15594,1775877111549,0.0
DOWN,main_scroll,15641,1775877111566,0.0
DOWN,main_scroll,15682,1775877111583,0.0
DOWN,main_scroll,15724,1775877111600,0.0
DOWN,main_scroll,15764,1775877111616,0.0
DOWN,main_scroll,15765,1775877111650,0.0
DOWN,main_scroll,15766,1775877111666,0.0
DOWN,main_scroll,15768,1775877111683,0.0
DOWN,main_scroll,15776,1775877111699,0.0
DOWN,main_scroll,15783,1775877111716,0.0
DOWN,main_scroll,15789,1775877111733,0.0
DOWN,main_scroll,15796,1775877111749,0.0
DOWN,main_scroll,15805,1775877111766,0.0
DOWN,main_scroll,15818,1775877111783,0.0
DOWN,main_scroll,15834,1775877111800,0.0
DOWN,main_scroll,15849,1775877111817,0.0
DOWN,main_scroll,15861,1775877111833,0.0
DOWN,main_scroll,15872,1775877111850,0.0
DOWN,main_scroll,15885,1775877111867,0.0
DOWN,main_scroll,15901,1775877111883,0.0
DOWN,main_scroll,15919,1775877111900,0.0
DOWN,main_scroll,15941,1775877111917,0.0
DOWN,main_scroll,15971,1775877111933,0.0
DOWN,main_scroll,16013,1775877111950,0.0
DOWN,main_scroll,16042,1775877111967,0.0
DOWN,main_scroll,16059,1775877111983,0.0
DOWN,main_scroll,16085,1775877112000,0.0
DOWN,main_scroll,16118,1775877112017,0.0
DOWN,main_scroll,16149,1775877112034,0.0
DOWN,main_scroll,16180,1775877112051,0.0
DOWN,main_scroll,16213,1775877112067,0.0
DOWN,main_scroll,16241,1775877112084,0.0
DOWN,main_scroll,16270,1775877112100,0.0
DOWN,main_scroll,16297,1775877112117,0.0
DOWN,main_scroll,16321,1775877112134,0.0
DOWN,main_scroll,16345,1775877112151,0.0
DOWN,main_scroll,16368,1775877112167,0.0
DOWN,main_scroll,16389,1775877112184,0.0
DOWN,main_scroll,16408,1775877112201,0.0
DOWN,main_scroll,16426,1775877112217,0.0
DOWN,main_scroll,16444,1775877112234,0.0
DOWN,main_scroll,16460,1775877112251,0.0
DOWN,main_scroll,16475,1775877112267,0.0
DOWN,main_scroll,16490,1775877112284,0.0
DOWN,main_scroll,16503,1775877112301,0.0
DOWN,main_scroll,16517,1775877112317,0.0
DOWN,main_scroll,16529,1775877112334,0.0
DOWN,main_scroll,16541,1775877112351,0.0
DOWN,main_scroll,16552,1775877112368,0.0
DOWN,main_scroll,16562,1775877112384,0.0
DOWN,main_scroll,16573,1775877112401,0.0
DOWN,main_scroll,16582,1775877112418,0.0
DOWN,main_scroll,16591,1775877112435,0.0
DOWN,main_scroll,16600,1775877112451,0.0
DOWN,main_scroll,16608,1775877112468,0.0
DOWN,main_scroll,16615,1775877112485,0.0
DOWN,main_scroll,16623,1775877112501,0.0
DOWN,main_scroll,16630,1775877112518,0.0
DOWN,main_scroll,16637,1775877112534,0.0
DOWN,main_scroll,16643,1775877112551,0.0
DOWN,main_scroll,16649,1775877112568,0.0
DOWN,main_scroll,16655,1775877112585,0.0
DOWN,main_scroll,16661,1775877112601,0.0
DOWN,main_scroll,16666,1775877112620,0.0
DOWN,main_scroll,16671,1775877112635,0.0
DOWN,main_scroll,16676,1775877112651,0.0
DOWN,main_scroll,16680,1775877112668,0.0
DOWN,main_scroll,16685,1775877112685,0.0
DOWN,main_scroll,16689,1775877112701,0.0
DOWN,main_scroll,16693,1775877112718,0.0
DOWN,main_scroll,16696,1775877112735,0.0
DOWN,main_scroll,16700,1775877112751,0.0
DOWN,main_scroll,16703,1775877112768,0.0
DOWN,main_scroll,16707,1775877112785,0.0
DOWN,main_scroll,16709,1775877112802,0.0
DOWN,main_scroll,16712,1775877112818,0.0
DOWN,main_scroll,16715,1775877112835,0.0
DOWN,main_scroll,16718,1775877112852,0.0
DOWN,main_scroll,16720,1775877112868,0.0
DOWN,main_scroll,16722,1775877112885,0.0
DOWN,main_scroll,16724,1775877112902,0.0
DOWN,main_scroll,16726,1775877112918,0.0
DOWN,main_scroll,16728,1775877112935,0.0
DOWN,main_scroll,16730,1775877112952,0.0
DOWN,main_scroll,16731,1775877112969,0.0
DOWN,main_scroll,16725,1775877113002,0.0
DOWN,main_scroll,16714,1775877113019,0.0
DOWN,main_scroll,16667,1775877113035,0.0
DOWN,main_scroll,16570,1775877113052,0.0
DOWN,main_scroll,16495,1775877113069,0.0
DOWN,main_scroll,16443,1775877113085,0.0
DOWN,main_scroll,16409,1775877113102,0.0
DOWN,main_scroll,16385,1775877113119,0.0
DOWN,main_scroll,16364,1775877113135,0.0
DOWN,main_scroll,16343,1775877113152,0.0
DOWN,main_scroll,16327,1775877113169,0.0
DOWN,main_scroll,16315,1775877113186,0.0
DOWN,main_scroll,16306,1775877113203,0.0
DOWN,main_scroll,16298,1775877113219,0.0
DOWN,main_scroll,16293,1775877113236,0.0
DOWN,main_scroll,16289,1775877113252,0.0
DOWN,main_scroll,16286,1775877113269,0.0
DOWN,main_scroll,16282,1775877113286,0.0
DOWN,main_scroll,16281,1775877113303,0.0
DOWN,main_scroll,16279,1775877113320,0.0
DOWN,main_scroll,16277,1775877113336,0.0
DOWN,main_scroll,16274,1775877113353,0.0
DOWN,main_scroll,16271,1775877113370,0.0
DOWN,main_scroll,16269,1775877113403,0.0
DOWN,main_scroll,16268,1775877113419,0.0
DOWN,main_scroll,16267,1775877113436,0.0
DOWN,main_scroll,16266,1775877113453,0.0
DOWN,main_scroll,16264,1775877113469,0.0
DOWN,main_scroll,16262,1775877113486,0.0
DOWN,main_scroll,16256,1775877113503,0.0
DOWN,main_scroll,16248,1775877113520,0.0
DOWN,main_scroll,16238,1775877113536,0.0
DOWN,main_scroll,16232,1775877113553,0.0
DOWN,main_scroll,16227,1775877113570,0.0
DOWN,main_scroll,16224,1775877113587,0.0
DOWN,main_scroll,16221,1775877113603,0.0
DOWN,main_scroll,16220,1775877113620,0.0
DOWN,main_scroll,16216,1775877113636,0.0
DOWN,main_scroll,16212,1775877113653,0.0
DOWN,main_scroll,16206,1775877113670,0.0
DOWN,main_scroll,16199,1775877113687,0.0
DOWN,main_scroll,16190,1775877113704,0.0
DOWN,main_scroll,16181,1775877113721,0.0
DOWN,main_scroll,16174,1775877113737,0.0
DOWN,main_scroll,16168,1775877113754,0.0
DOWN,main_scroll,16165,1775877113770,0.0
DOWN,main_scroll,16163,1775877113787,0.0
DOWN,main_scroll,16161,1775877113804,0.0
DOWN,main_scroll,16162,1775877113854,0.0
DOWN,main_scroll,16164,1775877113870,0.0
DOWN,main_scroll,16170,1775877113887,0.0
DOWN,main_scroll,16177,1775877113904,0.0
DOWN,main_scroll,16186,1775877113920,0.0
DOWN,main_scroll,16197,1775877113937,0.0
DOWN,main_scroll,16215,1775877113954,0.0
DOWN,main_scroll,16243,1775877113971,0.0
DOWN,main_scroll,16276,1775877113987,0.0
DOWN,main_scroll,16304,1775877114004,0.0
DOWN,main_scroll,16335,1775877114021,0.0
DOWN,main_scroll,16364,1775877114037,0.0
DOWN,main_scroll,16390,1775877114054,0.0
DOWN,main_scroll,16409,1775877114071,0.0
DOWN,main_scroll,16423,1775877114088,0.0
DOWN,main_scroll,16436,1775877114104,0.0
DOWN,main_scroll,16449,1775877114121,0.0
DOWN,main_scroll,16462,1775877114137,0.0
DOWN,main_scroll,16477,1775877114154,0.0
DOWN,main_scroll,16493,1775877114171,0.0
DOWN,main_scroll,16510,1775877114188,0.0
DOWN,main_scroll,16520,1775877114204,0.0
DOWN,main_scroll,16527,1775877114221,0.0
DOWN,main_scroll,16532,1775877114238,0.0
DOWN,main_scroll,16536,1775877114254,0.0
DOWN,main_scroll,16542,1775877114271,0.0
DOWN,main_scroll,16550,1775877114288,0.0
DOWN,main_scroll,16556,1775877114304,0.0
DOWN,main_scroll,16561,1775877114321,0.0
DOWN,main_scroll,16564,1775877114338,0.0
DOWN,main_scroll,16566,1775877114355,0.0
DOWN,main_scroll,16567,1775877114371,0.0
DOWN,main_scroll,16568,1775877114388,0.0
DOWN,main_scroll,16681,1775877115356,0.0
DOWN,main_scroll,16806,1775877115373,0.0
DOWN,main_scroll,16807,1775877115380,0.0
DOWN,main_scroll,16881,1775877115390,0.0
DOWN,main_scroll,16947,1775877115407,0.0
DOWN,main_scroll,17045,1775877115424,0.0
DOWN,main_scroll,17167,1775877115440,0.0
DOWN,main_scroll,17288,1775877115457,0.0
DOWN,main_scroll,17414,1775877115473,0.0
DOWN,main_scroll,17546,1775877115491,0.0
DOWN,main_scroll,17675,1775877115507,0.0
DOWN,main_scroll,17794,1775877115523,0.0
DOWN,main_scroll,17915,1775877115540,0.0
DOWN,main_scroll,18033,1775877115557,0.0
DOWN,main_scroll,18141,1775877115574,0.0
DOWN,main_scroll,18251,1775877115591,0.0
DOWN,main_scroll,18358,1775877115607,0.0
DOWN,main_scroll,18455,1775877115624,0.0
DOWN,main_scroll,18553,1775877115641,0.0
DOWN,main_scroll,18554,1775877115691,0.0
DOWN,main_scroll,18556,1775877115711,0.0
DOWN,main_scroll,18561,1775877115723,0.0
DOWN,main_scroll,18575,1775877115740,0.0
DOWN,main_scroll,18591,1775877115757,0.0
DOWN,main_scroll,18606,1775877115774,0.0
DOWN,main_scroll,18614,1775877115791,0.0
DOWN,main_scroll,18620,1775877115807,0.0
DOWN,main_scroll,18625,1775877115825,0.0
DOWN,main_scroll,18629,1775877115841,0.0
DOWN,main_scroll,18634,1775877115857,0.0
DOWN,main_scroll,18638,1775877115874,0.0
DOWN,main_scroll,18641,1775877115891,0.0
DOWN,main_scroll,18645,1775877115907,0.0
DOWN,main_scroll,18648,1775877115924,0.0
DOWN,main_scroll,18651,1775877115941,0.0
DOWN,main_scroll,18654,1775877115958,0.0
DOWN,main_scroll,18657,1775877115974,0.0
DOWN,main_scroll,18658,1775877115976,0.0
DOWN,main_scroll,18660,1775877115991,0.0
DOWN,main_scroll,18661,1775877116008,0.0
DOWN,main_scroll,18663,1775877116024,0.0
DOWN,main_scroll,18664,1775877116041,0.0
DOWN,main_scroll,18665,1775877116058,0.0
DOWN,main_scroll,18666,1775877116075,0.0
DOWN,main_scroll,18667,1775877116091,0.0
DOWN,main_scroll,18668,1775877116124,0.0
DOWN,main_scroll,18669,1775877116159,0.0
DOWN,main_scroll,18684,1775877122768,0.0
DOWN,main_scroll,18701,1775877122785,0.0
DOWN,main_scroll,18719,1775877122801,0.0
