phase,pointerId,pressure,size,timestamp,x,y
MOVE,0,1.0,0.0,249176781,278.54785,1609.4102
MOVE,0,1.0,0.0,249176798,269.2422,1534.2461
MOVE,0,1.0,0.0,249176815,243.05469,1446.8936
MOVE,0,1.0,0.0,249176831,202.73145,1353.6523
MOVE,0,1.0,0.0,249176848,169.37793,1293.6055
MOVE,0,1.0,0.0,249176865,135.88867,1232.6758
MOVE,0,1.0,0.0,249176871,122.25,1209.375
UP,0,1.0,0.0,249176875,122.25,1209.375
DOWN,0,1.0,0.0,249177102,322.25,1657.375
MOVE,0,1.0,0.0,249177165,316.04492,1631.2178
MOVE,0,1.0,0.0,249177181,286.6123,1540.7686
MOVE,0,1.0,0.0,249177198,263.41895,1464.7773
MOVE,0,1.0,0.0,249177215,231.31055,1389.834
MOVE,0,1.0,0.0,249177231,201.51758,1335.4072
MOVE,0,1.0,0.0,249177248,181.51855,1307.7295
MOVE,0,1.0,0.0,249177265,165.58496,1279.4141
MOVE,0,1.0,0.0,249177281,151.20117,1260.7051
MOVE,0,1.0,0.0,249177298,142.83691,1249.7324
MOVE,0,1.0,0.0,249177315,138.2959,1244.8408
MOVE,0,1.0,0.0,249177331,136.70898,1241.2734
MOVE,0,1.0,0.0,249177348,135.8457,1238.8457
MOVE,0,1.0,0.0,249177365,135.25,1237.9688
MOVE,0,1.0,0.0,249177381,135.375,1236.5957
MOVE,0,1.0,0.0,249177385,135.375,1236.25
UP,0,1.0,0.0,249177398,135.375,1236.25
MOVE,0,1.0,0.0,249178432,634.584,1636.748
MOVE,0,1.0,0.0,249178448,634.6748,1540.1475
MOVE,0,1.0,0.0,249178465,655.2637,1417.4854
MOVE,0,1.0,0.0,249178482,674.56055,1311.7998
MOVE,0,1.0,0.0,249178498,700.73145,1197.124
MOVE,0,1.0,0.0,249178515,731.91113,1089.3223
MOVE,0,1.0,0.0,249178522,750.625,1058.375
UP,0,1.0,0.0,249178526,750.625,1058.375
DOWN,0,1.0,0.0,249178736,745.625,1118.75
MOVE,0,1.0,0.0,249178815,766.08203,1073.1191
MOVE,0,1.0,0.0,249178831,798.5781,1032.4922
MOVE,0,1.0,0.0,249178848,818.72266,1003.2988
MOVE,0,1.0,0.0,249178865,831.56836,984.4795
MOVE,0,1.0,0.0,249178881,838.5156,972.57324
MOVE,0,1.0,0.0,249178898,843.3613,961.83594
MOVE,0,1.0,0.0,249178915,845.90625,956.625
MOVE,0,1.0,0.0,249178931,847.3955,955.06934
MOVE,0,1.0,0.0,249178943,848.0625,954.75
MOVE,0,1.0,0.0,249178965,848.41797,954.416
MOVE,0,1.0,0.0,249178970,848.625,954.25
UP,0,1.0,0.0,249178974,848.625,954.25
MOVE,0,1.0,0.0,249180331,769.292,1209.2217
MOVE,0,1.0,0.0,249180344,807.0,1107.875
UP,0,1.0,0.0,249180348,807.0,1107.875
DOWN,0,1.0,0.0,249180514,844.5,1124.125
MOVE,0,1.0,0.0,249180582,849.3047,1106.0801
MOVE,0,1.0,0.0,249180598,883.83984,1053.7051
MOVE,0,1.0,0.0,249180615,899.874,1027.1318
MOVE,0,1.0,0.0,249180631,911.76855,1009.8916
MOVE,0,1.0,0.0,249180648,919.75977,997.34863
MOVE,0,1.0,0.0,249180665,930.708,984.4072
MOVE,0,1.0,0.0,249180681,939.13477,970.416
MOVE,0,1.0,0.0,249180698,949.7881,957.4258
MOVE,0,1.0,0.0,249180715,958.1709,947.1836
MOVE,0,1.0,0.0,249180731,960.25586,944.4824
MOVE,0,1.0,0.0,249180748,960.625,943.501
MOVE,0,1.0,0.0,249180764,960.875,943.1279
MOVE,0,1.0,0.0,249180781,961.24023,942.0488
MOVE,0,1.0,0.0,249180786,961.5,939.75
UP,0,1.0,0.0,249180790,961.5,939.75
DOWN,0,1.0,0.0,249181965,660.5,1296.25
MOVE,0,1.0,0.0,249182015,653.2461,1228.0967
MOVE,0,1.0,0.0,249182031,676.1367,1050.252
MOVE,0,1.0,0.0,249182043,706.875,961.5
UP,0,1.0,0.0,249182047,706.875,961.5
DOWN,0,1.0,0.0,249182218,710.875,1143.5
MOVE,0,1.0,0.0,249182267,710.75,1139.125
MOVE,0,1.0,0.0,249182281,726.125,1076.2031
MOVE,0,1.0,0.0,249182298,752.70605,1024.0615
MOVE,0,1.0,0.0,249182315,773.8535,980.0947
MOVE,0,1.0,0.0,249182331,793.834,942.0039
MOVE,0,1.0,0.0,249182348,810.08887,909.7715
MOVE,0,1.0,0.0,249182365,829.3867,879.36816
MOVE,0,1.0,0.0,249182381,847.2012,849.38477
MOVE,0,1.0,0.0,249182398,864.16797,823.04004
MOVE,0,1.0,0.0,249182414,874.66895,800.7988
MOVE,0,1.0,0.0,249182431,878.4922,788.8926
MOVE,0,1.0,0.0,249182448,881.25977,779.3828
MOVE,0,1.0,0.0,249182464,882.5,776.6953
MOVE,0,1.0,0.0,249182481,882.375,775.4453
MOVE,0,1.0,0.0,249182498,882.5,773.8379
MOVE,0,1.0,0.0,249182501,882.5,773.625
UP,0,1.0,0.0,249182506,882.5,773.625
DOWN,0,1.0,0.0,249183350,744.0,1338.875
MOVE,0,1.0,0.0,249183415,740.7793,1295.9736
MOVE,0,1.0,0.0,249183432,749.68945,1210.0801
MOVE,0,1.0,0.0,249183448,765.88086,1130.9834
MOVE,0,1.0,0.0,249183465,798.35547,1013.35156
MOVE,0,1.0,0.0,249183481,825.3154,927.10156
MOVE,0,1.0,0.0,249183498,842.36816,857.85645
MOVE,0,1.0,0.0,249183515,861.07227,806.7627
MOVE,0,1.0,0.0,249183531,877.8252,744.0127
MOVE,0,1.0,0.0,249183548,894.8291,684.29004
MOVE,0,1.0,0.0,249183565,906.68164,644.9414
MOVE,0,1.0,0.0,249183581,915.3789,616.7373
MOVE,0,1.0,0.0,249183598,922.2295,582.2988
MOVE,0,1.0,0.0,249183614,923.875,557.67285
MOVE,0,1.0,0.0,249183631,923.5449,539.92285
MOVE,0,1.0,0.0,249183648,923.125,529.13574
MOVE,0,1.0,0.0,249183664,922.709,524.2119
MOVE,0,1.0,0.0,249183674,921.625,522.25
UP,0,1.0,0.0,249183679,921.625,522.25
MOVE,0,1.0,0.0,249186815,748.88574,786.3789
MOVE,0,1.0,0.0,249186831,761.31445,750.18555
MOVE,0,1.0,0.0,249186848,769.69824,715.76465
MOVE,0,1.0,0.0,249186865,775.6787,684.7197
MOVE,0,1.0,0.0,249186881,783.82227,652.98145
MOVE,0,1.0,0.0,249186898,794.791,619.08105
MOVE,0,1.0,0.0,249186915,804.47363,581.4209
MOVE,0,1.0,0.0,249186931,814.1904,549.626
MOVE,0,1.0,0.0,249186948,824.77637,509.92676
MOVE,0,1.0,0.0,249186965,839.58496,464.95703
MOVE,0,1.0,0.0,249186981,855.4619,419.16504
MOVE,0,1.0,0.0,249186998,874.3281,372.53906
MOVE,0,1.0,0.0,249187015,885.1758,328.58594
MOVE,0,1.0,0.0,249187031,894.9502,288.82227
MOVE,0,1.0,0.0,249187048,902.0947,256.85742
MOVE,0,1.0,0.0,249187065,907.375,230.17676
MOVE,0,1.0,0.0,249187081,907.1201,210.27539
MOVE,0,1.0,0.0,249187098,908.30664,199.58691
MOVE,0,1.0,0.0,249187115,907.6914,189.4336
MOVE,0,1.0,0.0,249187125,907.375,185.625
UP,0,1.0,0.0,249187129,907.375,185.625
MOVE,0,1.0,0.0,249190898,797.541,683.4883
MOVE,0,1.0,0.0,249190915,813.1221,631.8496
MOVE,0,1.0,0.0,249190931,833.04395,578.0127
MOVE,0,1.0,0.0,249190948,855.35645,523.0088
MOVE,0,1.0,0.0,249190965,873.4707,462.5088
MOVE,0,1.0,0.0,249190981,891.5459,402.91113
MOVE,0,1.0,0.0,249190998,908.7881,345.64258
MOVE,0,1.0,0.0,249191015,925.89453,291.21973
MOVE,0,1.0,0.0,249191031,937.97656,237.4209
MOVE,0,1.0,0.0,249191048,948.1572,199.68262
MOVE,0,1.0,0.0,249191064,964.3633,152.78418
MOVE,0,1.0,0.0,249191081,977.6631,112.33301
MOVE,0,1.0,0.0,249191098,991.4883,83.81738
MOVE,0,1.0,0.0,249191115,1000.45605,65.83789
MOVE,0,1.0,0.0,249191133,1008.125,51.0
UP,0,1.0,0.0,249191137,1008.125,51.0
MOVE,0,1.0,0.0,249197765,811.42773,673.4912
MOVE,0,1.0,0.0,249197781,819.9844,624.59766
MOVE,0,1.0,0.0,249197798,828.0303,569.8887
MOVE,0,1.0,0.0,249197815,841.84766,509.42578
MOVE,0,1.0,0.0,249197831,872.1924,424.7168
MOVE,0,1.0,0.0,249197848,877.91504,395.92773
MOVE,0,1.0,0.0,249197865,886.2529,310.92676
MOVE,0,1.0,0.0,249197881,890.45996,281.0254
MOVE,0,1.0,0.0,249197898,894.86816,240.56836
MOVE,0,1.0,0.0,249197915,899.7988,190.08008
MOVE,0,1.0,0.0,249197931,908.3535,149.96094
MOVE,0,1.0,0.0,249197948,909.61816,115.25879
MOVE,0,1.0,0.0,249197965,908.8779,89.41992
MOVE,0,1.0,0.0,249197981,911.6377,69.76172
MOVE,0,1.0,0.0,249197998,911.61914,58.256836
MOVE,0,1.0,0.0,249198015,910.02344,54.043945
MOVE,0,1.0,0.0,249198031,908.97363,51.45703
MOVE,0,1.0,0.0,249198033,909.25,51.125
UP,0,1.0,0.0,249198037,909.25,51.125
DOWN,0,1.0,0.0,249201506,664.5,781.5
MOVE,0,1.0,0.0,249201551,664.75,773.625
MOVE,0,1.0,0.0,249201565,680.5469,667.9453
MOVE,0,1.0,0.0,249201581,717.11523,549.3779
MOVE,0,1.0,0.0,249201598,742.7334,479.7246
MOVE,0,1.0,0.0,249201615,773.63965,414.81055
MOVE,0,1.0,0.0,249201631,798.39844,359.3711
MOVE,0,1.0,0.0,249201648,808.44434,317.8711
MOVE,0,1.0,0.0,249201665,835.5576,265.5371
MOVE,0,1.0,0.0,249201681,862.374,219.13672
MOVE,0,1.0,0.0,249201698,863.26074,201.1543
MOVE,0,1.0,0.0,249201714,873.97363,162.2461
MOVE,0,1.0,0.0,249201731,880.6787,132.03027
MOVE,0,1.0,0.0,249201748,884.4746,115.58008
MOVE,0,1.0,0.0,249201764,889.749,98.46484
MOVE,0,1.0,0.0,249201781,892.2822,84.96387
MOVE,0,1.0,0.0,249201798,893.6826,78.49609
MOVE,0,1.0,0.0,249201814,896.3242,74.00098
MOVE,0,1.0,0.0,249201822,897.875,72.0
UP,0,1.0,0.0,249201827,897.875,72.0
DOWN,0,1.0,0.0,249208274,713.125,788.375
MOVE,0,1.0,0.0,249208331,710.0205,762.5615
MOVE,0,1.0,0.0,249208348,707.13965,678.2217
MOVE,0,1.0,0.0,249208365,714.8428,633.4873
MOVE,0,1.0,0.0,249208381,725.7051,589.7051
MOVE,0,1.0,0.0,249208398,738.4424,544.916
MOVE,0,1.0,0.0,249208415,753.0508,496.59375
MOVE,0,1.0,0.0,249208431,772.4414,443.65723
MOVE,0,1.0,0.0,249208448,791.3379,390.41602
MOVE,0,1.0,0.0,249208465,806.8994,340.56543
MOVE,0,1.0,0.0,249208481,820.87695,289.92285
MOVE,0,1.0,0.0,249208498,837.72754,240.86328
MOVE,0,1.0,0.0,249208515,850.6719,208.62695
MOVE,0,1.0,0.0,249208531,863.0762,168.01562
MOVE,0,1.0,0.0,249208548,874.3115,133.00293
MOVE,0,1.0,0.0,249208565,880.4785,102.53906
MOVE,0,1.0,0.0,249208581,884.7363,78.90332
MOVE,0,1.0,0.0,249208598,888.3672,63.414062
MOVE,0,1.0,0.0,249208615,888.94434,56.88867
MOVE,0,1.0,0.0,249208631,889.3457,55.68457
MOVE,0,1.0,0.0,249208649,889.875,54.25
UP,0,1.0,0.0,249208653,889.875,54.25
MOVE,0,1.0,0.0,249216031,905.11816,682.7246
MOVE,0,1.0,0.0,249216048,912.3008,637.99805
MOVE,0,1.0,0.0,249216065,924.2334,579.58496
MOVE,0,1.0,0.0,249216081,940.0488,520.89844
MOVE,0,1.0,0.0,249216098,965.5752,450.47852
MOVE,0,1.0,0.0,249216115,990.51855,373.34375
MOVE,0,1.0,0.0,249216131,1007.6846,317.03027
MOVE,0,1.0,0.0,249216148,1021.5283,272.63477
MOVE,0,1.0,0.0,249216165,1031.0156,238.75977
MOVE,0,1.0,0.0,249216181,1034.9531,214.91309
MOVE,0,1.0,0.0,249216198,1036.915,199.71973
MOVE,0,1.0,0.0,249216214,1036.5947,189.01367
MOVE,0,1.0,0.0,249216231,1037.4326,184.36621
MOVE,0,1.0,0.0,249216248,1039.0566,181.13672
MOVE,0,1.0,0.0,249216264,1037.0,178.93457
MOVE,0,1.0,0.0,249216281,1037.7197,177.96875
MOVE,0,1.0,0.0,249216298,1038.1562,177.71875
MOVE,0,1.0,0.0,249216301,1038.25,177.625
UP,0,1.0,0.0,249216305,1038.25,177.625
MOVE,0,1.0,0.0,249216765,879.0078,790.8701
MOVE,0,1.0,0.0,249216781,899.0498,684.3076
MOVE,0,1.0,0.0,249216798,901.6299,601.0088
MOVE,0,1.0,0.0,249216814,911.1836,528.02246
MOVE,0,1.0,0.0,249216831,921.36816,471.42285
MOVE,0,1.0,0.0,249216848,937.77246,398.1494
MOVE,0,1.0,0.0,249216864,957.2529,338.93457
MOVE,0,1.0,0.0,249216881,961.61816,322.083
MOVE,0,1.0,0.0,249216898,974.9121,292.48633
MOVE,0,1.0,0.0,249216914,981.88965,275.292
MOVE,0,1.0,0.0,249216931,983.64453,268.95117
MOVE,0,1.0,0.0,249216948,985.54297,265.03223
MOVE,0,1.0,0.0,249216964,991.56836,263.875
MOVE,0,1.0,0.0,249216981,992.6113,263.90234
MOVE,0,1.0,0.0,249216998,994.08594,265.6963
MOVE,0,1.0,0.0,249217010,996.0,267.125
UP,0,1.0,0.0,249217014,996.0,267.125
MOVE,0,1.0,0.0,249218065,749.39453,1365.5391
MOVE,0,1.0,0.0,249218081,797.0127,1241.4736
MOVE,0,1.0,0.0,249218098,851.417,1142.3633
MOVE,0,1.0,0.0,249218101,858.375,1128.625
UP,0,1.0,0.0,249218105,858.375,1128.625
DOWN,0,1.0,0.0,249218283,807.75,1213.375
MOVE,0,1.0,0.0,249218365,814.7744,1188.1846
MOVE,0,1.0,0.0,249218382,844.44824,1143.7539
MOVE,0,1.0,0.0,249218398,851.9961,1125.4629
MOVE,0,1.0,0.0,249218415,860.9287,1111.9502
MOVE,0,1.0,0.0,249218431,866.6631,1102.6289
MOVE,0,1.0,0.0,249218448,871.0625,1095.1514
MOVE,0,1.0,0.0,249218464,876.45215,1086.6328
MOVE,0,1.0,0.0,249218481,881.2529,1079.4941
MOVE,0,1.0,0.0,249218498,884.5908,1072.0205
MOVE,0,1.0,0.0,249218514,885.875,1066.083
MOVE,0,1.0,0.0,249218531,885.24414,1062.4502
MOVE,0,1.0,0.0,249218548,884.86816,1060.8037
MOVE,0,1.0,0.0,249218555,885.625,1059.875
UP,0,1.0,0.0,249218559,885.625,1059.875
MOVE,0,1.0,0.0,249220298,722.49316,1220.706
MOVE,0,1.0,0.0,249220315,769.6787,1103.6396
MOVE,0,1.0,0.0,249220317,776.0,1087.875
UP,0,1.0,0.0,249220322,776.0,1087.875
DOWN,0,1.0,0.0,249220488,746.875,1130.625
MOVE,0,1.0,0.0,249220598,747.8076,1122.7891
MOVE,0,1.0,0.0,249220615,775.2617,1069.9346
MOVE,0,1.0,0.0,249220631,795.07715,1039.4971
MOVE,0,1.0,0.0,249220648,816.251,1003.3916
MOVE,0,1.0,0.0,249220664,835.7793,968.1289
MOVE,0,1.0,0.0,249220681,856.7119,935.97363
MOVE,0,1.0,0.0,249220698,876.1299,907.11816
MOVE,0,1.0,0.0,249220714,899.1963,872.2793
MOVE,0,1.0,0.0,249220731,920.23535,835.0127
MOVE,0,1.0,0.0,249220748,936.2119,807.2422
MOVE,0,1.0,0.0,249220764,948.51465,788.8135
MOVE,0,1.0,0.0,249220781,958.81055,769.87305
MOVE,0,1.0,0.0,249220798,971.5039,753.5215
MOVE,0,1.0,0.0,249220815,978.18555,742.8779
MOVE,0,1.0,0.0,249220831,981.1094,739.79297
MOVE,0,1.0,0.0,249220843,982.375,738.75
UP,0,1.0,0.0,249220847,982.375,738.75
MOVE,0,1.0,0.0,249221881,721.89844,1440.0166
MOVE,0,1.0,0.0,249221898,762.8125,1332.8984
MOVE,0,1.0,0.0,249221905,778.875,1286.625
UP,0,1.0,0.0,249221909,778.875,1286.625
DOWN,0,1.0,0.0,249222129,748.125,1335.125
MOVE,0,1.0,0.0,249222248,765.0381,1286.9473
MOVE,0,1.0,0.0,249222265,791.26074,1241.6045
MOVE,0,1.0,0.0,249222281,806.2783,1209.126
MOVE,0,1.0,0.0,249222298,819.7588,1181.8506
MOVE,0,1.0,0.0,249222314,825.5137,1164.209
MOVE,0,1.0,0.0,249222331,835.542,1139.6348
MOVE,0,1.0,0.0,249222348,850.36523,1110.8018
MOVE,0,1.0,0.0,249222364,863.40137,1081.4463
MOVE,0,1.0,0.0,249222381,874.02637,1056.5264
MOVE,0,1.0,0.0,249222398,882.8262,1042.3564
MOVE,0,1.0,0.0,249222414,885.63477,1039.2402
MOVE,0,1.0,0.0,249222431,886.4375,1038.5
MOVE,0,1.0,0.0,249222447,885.9375,1038.25
MOVE,0,1.0,0.0,249222465,885.875,1037.6064
MOVE,0,1.0,0.0,249222475,886.5,1036.5
UP,0,1.0,0.0,249222479,886.5,1036.5
MOVE,0,1.0,0.0,249223981,765.76074,1458.8555
MOVE,0,1.0,0.0,249223998,820.4551,1337.6113
MOVE,0,1.0,0.0,249224000,832.125,1326.0
UP,0,1.0,0.0,249224004,832.125,1326.0
DOWN,0,1.0,0.0,249224172,761.5,1427.875
MOVE,0,1.0,0.0,249224267,766.125,1422.125
MOVE,0,1.0,0.0,249224281,801.6826,1373.2002
MOVE,0,1.0,0.0,249224298,824.39453,1334.3691
MOVE,0,1.0,0.0,249224315,835.8154,1313.5762
MOVE,0,1.0,0.0,249224331,849.8447,1271.3906
MOVE,0,1.0,0.0,249224348,869.04785,1212.542
MOVE,0,1.0,0.0,249224365,890.78125,1153.0918
MOVE,0,1.0,0.0,249224381,915.11426,1098.4102
MOVE,0,1.0,0.0,249224398,939.2969,1060.2568
MOVE,0,1.0,0.0,249224414,954.16895,1040.2793
MOVE,0,1.0,0.0,249224431,959.38574,1034.3867
MOVE,0,1.0,0.0,249224448,961.93555,1032.085
MOVE,0,1.0,0.0,249224464,962.3926,1031.7324
MOVE,0,1.0,0.0,249224481,962.6387,1031.5
MOVE,0,1.0,0.0,249224498,963.16797,1030.8105
MOVE,0,1.0,0.0,249224515,964.31445,1028.957
MOVE,0,1.0,0.0,249224531,965.54004,1027.21
MOVE,0,1.0,0.0,249224548,966.2832,1025.9346
MOVE,0,1.0,0.0,249224565,967.28125,1023.9219
MOVE,0,1.0,0.0,249224581,969.375,1019.375
UP,0,1.0,0.0,249224585,969.375,1019.375
MOVE,0,1.0,0.0,249225115,790.8301,1354.6963
MOVE,0,1.0,0.0,249225124,835.875,1291.375
UP,0,1.0,0.0,249225128,835.875,1291.375
DOWN,0,1.0,0.0,249225363,748.125,1438.5
MOVE,0,1.0,0.0,249225467,748.25,1434.25
MOVE,0,1.0,0.0,249225481,770.6631,1382.124
MOVE,0,1.0,0.0,249225498,794.56934,1339.5771
MOVE,0,1.0,0.0,249225515,808.458,1309.2227
MOVE,0,1.0,0.0,249225531,822.9824,1273.6641
MOVE,0,1.0,0.0,249225548,850.2031,1216.4062
MOVE,0,1.0,0.0,249225555,865.0,1191.0
UP,0,1.0,0.0,249225559,865.0,1191.0
DOWN,0,1.0,0.0,249225776,760.0,1357.75
MOVE,0,1.0,0.0,249225848,771.9258,1328.919
MOVE,0,1.0,0.0,249225865,813.7295,1276.4258
MOVE,0,1.0,0.0,249225881,852.81934,1216.2334
MOVE,0,1.0,0.0,249225898,915.36914,1106.3486
MOVE,0,1.0,0.0,249225909,940.875,1065.0
UP,0,1.0,0.0,249225913,940.875,1065.0
MOVE,0,1.0,0.0,249227931,796.28125,1308.7432
MOVE,0,1.0,0.0,249227948,760.53516,1382.835
MOVE,0,1.0,0.0,249227965,739.1992,1439.2227
MOVE,0,1.0,0.0,249227979,716.5,1501.5
UP,0,1.0,0.0,249227983,716.5,1501.5
DOWN,0,1.0,0.0,249228307,869.375,1160.25
MOVE,0,1.0,0.0,249228365,838.15234,1248.4004
MOVE,0,1.0,0.0,249228382,797.3408,1328.0635
MOVE,0,1.0,0.0,249228398,760.0,1417.25
UP,0,1.0,0.0,249228403,760.0,1417.25
DOWN,0,1.0,0.0,249228597,835.375,1227.625
MOVE,0,1.0,0.0,249228701,835.625,1231.5
MOVE,0,1.0,0.0,249228715,820.1338,1274.6963
MOVE,0,1.0,0.0,249228731,802.5381,1297.8955
MOVE,0,1.0,0.0,249228748,793.5703,1310.3818
MOVE,0,1.0,0.0,249228765,789.1406,1317.6143
MOVE,0,1.0,0.0,249228781,785.8613,1323.9844
MOVE,0,1.0,0.0,249228798,781.97754,1331.582
MOVE,0,1.0,0.0,249228814,780.23145,1339.3086
MOVE,0,1.0,0.0,249228831,777.1465,1347.1865
MOVE,0,1.0,0.0,249228848,774.7178,1354.6123
MOVE,0,1.0,0.0,249228864,767.61035,1369.7861
MOVE,0,1.0,0.0,249228881,753.01953,1420.2344
MOVE,0,1.0,0.0,249228898,734.23145,1484.1758
MOVE,0,1.0,0.0,249228914,724.3535,1530.6914
MOVE,0,1.0,0.0,249228931,712.9248,1572.832
MOVE,0,1.0,0.0,249228944,711.5,1599.875
UP,0,1.0,0.0,249228948,711.5,1599.875
DOWN,0,1.0,0.0,249229135,807.0,1270.5
MOVE,0,1.0,0.0,249229198,799.8047,1302.5713
MOVE,0,1.0,0.0,249229215,761.73926,1397.0293
MOVE,0,1.0,0.0,249229230,728.375,1489.5
UP,0,1.0,0.0,249229234,728.375,1489.5
DOWN,0,1.0,0.0,249229415,792.125,1313.875
MOVE,0,1.0,0.0,249229565,789.7412,1319.8975
MOVE,0,1.0,0.0,249229581,780.3164,1337.4277
MOVE,0,1.0,0.0,249229598,767.5469,1359.3857
MOVE,0,1.0,0.0,249229615,760.6426,1371.0908
MOVE,0,1.0,0.0,249229631,758.5029,1375.9902
MOVE,0,1.0,0.0,249229648,756.4072,1379.2051
MOVE,0,1.0,0.0,249229665,754.63477,1380.9902
MOVE,0,1.0,0.0,249229681,753.8096,1381.956
MOVE,0,1.0,0.0,249229698,753.125,1382.4893
MOVE,0,1.0,0.0,249229714,753.3281,1383.4297
MOVE,0,1.0,0.0,249229731,753.625,1384.9434
MOVE,0,1.0,0.0,249229748,753.375,1385.7275
MOVE,0,1.0,0.0,249229764,750.4619,1387.457
MOVE,0,1.0,0.0,249229781,751.67676,1388.5762
MOVE,0,1.0,0.0,249229798,751.8838,1388.8662
MOVE,0,1.0,0.0,249229815,750.23926,1389.6924
MOVE,0,1.0,0.0,249229830,750.1875,1390.4375
MOVE,0,1.0,0.0,249229848,751.0879,1390.8105
MOVE,0,1.0,0.0,249229865,753.23535,1392.2129
MOVE,0,1.0,0.0,249229881,750.04297,1393.0928
MOVE,0,1.0,0.0,249229898,746.28516,1393.7695
MOVE,0,1.0,0.0,249229915,746.76465,1393.9639
MOVE,0,1.0,0.0,249229931,747.23145,1394.0
MOVE,0,1.0,0.0,249229937,747.3125,1394.0
MOVE,0,1.0,0.0,249229998,746.9707,1394.0771
MOVE,0,1.0,0.0,249230010,746.75,1394.3125
MOVE,0,1.0,0.0,249230037,746.75,1394.375
MOVE,0,1.0,0.0,249230065,747.5928,1394.6973
MOVE,0,1.0,0.0,249230073,747.9375,1394.75
MOVE,0,1.0,0.0,249230131,748.37305,1395.3135
MOVE,0,1.0,0.0,249230148,747.99805,1395.9365
MOVE,0,1.0,0.0,249230165,748.4072,1396.125
MOVE,0,1.0,0.0,249230181,748.8037,1396.375
MOVE,0,1.0,0.0,249230198,748.88184,1396.6836
MOVE,0,1.0,0.0,249230215,748.625,1398.0947
MOVE,0,1.0,0.0,249230231,747.4209,1404.1816
MOVE,0,1.0,0.0,249230248,744.13574,1413.8242
MOVE,0,1.0,0.0,249230265,728.74023,1467.8105
MOVE,0,1.0,0.0,249230281,714.29785,1528.5527
MOVE,0,1.0,0.0,249230298,706.94434,1577.0693
MOVE,0,1.0,0.0,249230305,705.0,1587.25
UP,0,1.0,0.0,249230309,705.0,1587.25
DOWN,0,1.0,0.0,249230452,764.125,1357.0
MOVE,0,1.0,0.0,249230548,764.7803,1362.7969
MOVE,0,1.0,0.0,249230565,751.16406,1420.5225
MOVE,0,1.0,0.0,249230582,729.97363,1468.3037
MOVE,0,1.0,0.0,249230598,716.1113,1510.7686
MOVE,0,1.0,0.0,249230615,710.375,1543.377
MOVE,0,1.0,0.0,249230631,708.3867,1560.6816
MOVE,0,1.0,0.0,249230648,703.1426,1578.8027
MOVE,0,1.0,0.0,249230665,700.3076,1597.9502
MOVE,0,1.0,0.0,249230677,698.125,1616.375
UP,0,1.0,0.0,249230682,698.125,1616.375
DOWN,0,1.0,0.0,249230854,844.625,1200.25
MOVE,0,1.0,0.0,249230915,806.9658,1293.4062
MOVE,0,1.0,0.0,249230932,782.7217,1341.4805
MOVE,0,1.0,0.0,249230948,756.8086,1404.8135
MOVE,0,1.0,0.0,249230962,738.375,1463.5
UP,0,1.0,0.0,249230966,738.375,1463.5
DOWN,0,1.0,0.0,249231121,775.625,1354.625
MOVE,0,1.0,0.0,249231231,759.2969,1398.0449
MOVE,0,1.0,0.0,249231248,732.626,1441.7217
MOVE,0,1.0,0.0,249231265,721.1113,1473.4893
MOVE,0,1.0,0.0,249231281,711.1162,1499.7148
MOVE,0,1.0,0.0,249231298,703.9707,1537.8906
MOVE,0,1.0,0.0,249231315,696.6279,1575.5977
MOVE,0,1.0,0.0,249231321,696.0,1590.25
UP,0,1.0,0.0,249231325,696.0,1590.25
DOWN,0,1.0,0.0,249231525,806.5,1228.0
MOVE,0,1.0,0.0,249231598,804.23145,1283.5049
MOVE,0,1.0,0.0,249231615,786.3916,1332.1934
MOVE,0,1.0,0.0,249231631,763.17773,1381.8994
MOVE,0,1.0,0.0,249231648,740.61426,1449.1006
MOVE,0,1.0,0.0,249231659,727.125,1494.375
UP,0,1.0,0.0,249231663,727.125,1494.375
DOWN,0,1.0,0.0,249231825,786.375,1274.5
MOVE,0,1.0,0.0,249231934,787.125,1278.5
MOVE,0,1.0,0.0,249231948,774.77344,1327.9902
MOVE,0,1.0,0.0,249231965,756.83203,1368.6445
MOVE,0,1.0,0.0,249231981,738.6758,1402.4912
MOVE,0,1.0,0.0,249231998,730.8574,1430.4541
MOVE,0,1.0,0.0,249232015,723.6074,1456.4688
MOVE,0,1.0,0.0,249232031,713.7793,1492.207
MOVE,0,1.0,0.0,249232048,706.4697,1533.5801
MOVE,0,1.0,0.0,249232065,702.0996,1564.7314
MOVE,0,1.0,0.0,249232081,694.83887,1598.2842
MOVE,0,1.0,0.0,249232098,688.70215,1621.3076
MOVE,0,1.0,0.0,249232114,688.375,1635.2637
MOVE,0,1.0,0.0,249232131,686.9756,1650.7822
MOVE,0,1.0,0.0,249232139,687.25,1660.125
UP,0,1.0,0.0,249232143,687.25,1660.125
DOWN,0,1.0,0.0,249232322,784.25,1257.625
MOVE,0,1.0,0.0,249232382,775.4004,1308.8877
MOVE,0,1.0,0.0,249232398,749.4795,1364.6465
MOVE,0,1.0,0.0,249232415,724.96484,1435.0156
MOVE,0,1.0,0.0,249232426,709.25,1528.75
UP,0,1.0,0.0,249232430,709.25,1528.75
DOWN,0,1.0,0.0,249232619,786.0,1290.875
MOVE,0,1.0,0.0,249232765,785.4346,1293.6553
MOVE,0,1.0,0.0,249232782,778.7588,1315.5986
MOVE,0,1.0,0.0,249232798,772.45996,1333.6191
MOVE,0,1.0,0.0,249232815,767.83984,1347.0137
MOVE,0,1.0,0.0,249232831,765.98926,1352.8936
MOVE,0,1.0,0.0,249232848,763.8701,1355.7568
MOVE,0,1.0,0.0,249232865,761.8965,1358.5928
MOVE,0,1.0,0.0,249232881,760.9092,1359.9658
MOVE,0,1.0,0.0,249232898,761.11035,1361.5947
MOVE,0,1.0,0.0,249232914,761.125,1361.9922
MOVE,0,1.0,0.0,249232930,761.0,1362.5
MOVE,0,1.0,0.0,249232948,760.28906,1362.8359
MOVE,0,1.0,0.0,249232964,758.7129,1363.9121
MOVE,0,1.0,0.0,249232981,758.6172,1364.4922
MOVE,0,1.0,0.0,249232998,761.49805,1365.416
MOVE,0,1.0,0.0,249233005,762.6875,1365.6875
MOVE,0,1.0,0.0,249233048,761.3916,1366.1436
MOVE,0,1.0,0.0,249233064,760.32715,1366.7109
MOVE,0,1.0,0.0,249233081,759.33203,1367.0
MOVE,0,1.0,0.0,249233098,759.25,1367.5381
MOVE,0,1.0,0.0,249233101,759.25,1367.75
MOVE,0,1.0,0.0,249233131,759.91797,1368.542
MOVE,0,1.0,0.0,249233148,759.0918,1369.332
MOVE,0,1.0,0.0,249233164,758.7881,1369.8252
MOVE,0,1.0,0.0,249233174,758.9375,1369.9375
MOVE,0,1.0,0.0,249233210,759.3125,1370.1875
MOVE,0,1.0,0.0,249233231,757.47656,1370.5
MOVE,0,1.0,0.0,249233248,757.792,1370.6982
MOVE,0,1.0,0.0,249233265,759.09863,1371.5244
MOVE,0,1.0,0.0,249233273,759.4375,1371.8125
MOVE,0,1.0,0.0,249233296,759.25,1371.75
MOVE,0,1.0,0.0,249233315,759.0547,1371.875
MOVE,0,1.0,0.0,249233331,758.7969,1372.0
MOVE,0,1.0,0.0,249233348,758.3672,1372.2578
MOVE,0,1.0,0.0,249233379,758.375,1372.375
MOVE,0,1.0,0.0,249233398,758.70215,1373.6152
MOVE,0,1.0,0.0,249233410,757.9375,1373.875
MOVE,0,1.0,0.0,249233496,758.0,1374.0
MOVE,0,1.0,0.0,249233515,758.6465,1374.6465
MOVE,0,1.0,0.0,249233531,758.65625,1376.3447
MOVE,0,1.0,0.0,249233548,757.7627,1378.8223
MOVE,0,1.0,0.0,249233565,757.78516,1381.8398
MOVE,0,1.0,0.0,249233581,758.71094,1384.6279
MOVE,0,1.0,0.0,249233598,759.5957,1388.6143
MOVE,0,1.0,0.0,249233615,754.4707,1393.1455
MOVE,0,1.0,0.0,249233631,755.125,1396.8828
MOVE,0,1.0,0.0,249233648,752.33594,1399.7236
MOVE,0,1.0,0.0,249233665,750.4092,1400.8105
MOVE,0,1.0,0.0,249233681,748.9697,1401.8018
MOVE,0,1.0,0.0,249233698,746.14844,1402.6504
MOVE,0,1.0,0.0,249233715,746.85645,1403.0264
MOVE,0,1.0,0.0,249233731,749.4512,1403.6504
MOVE,0,1.0,0.0,249233748,748.5996,1403.625
MOVE,0,1.0,0.0,249233765,746.9844,1403.625
MOVE,0,1.0,0.0,249233781,745.91113,1403.625
MOVE,0,1.0,0.0,249233798,744.7324,1403.25
MOVE,0,1.0,0.0,249233815,745.26465,1403.125
MOVE,0,1.0,0.0,249233831,745.78125,1402.5938
MOVE,0,1.0,0.0,249233848,748.2529,1400.4258
MOVE,0,1.0,0.0,249233865,754.1992,1396.3008
MOVE,0,1.0,0.0,249233881,757.7256,1392.6494
MOVE,0,1.0,0.0,249233898,765.626,1385.6592
MOVE,0,1.0,0.0,249233915,784.5703,1366.2295
MOVE,0,1.0,0.0,249233931,864.9629,1243.4756
MOVE,0,1.0,0.0,249233948,914.8887,1147.0078
MOVE,0,1.0,0.0,249233952,925.75,1128.0
UP,0,1.0,0.0,249233956,925.75,1128.0
DOWN,0,1.0,0.0,249234205,762.625,1395.125
MOVE,0,1.0,0.0,249234267,761.75,1391.75
MOVE,0,1.0,0.0,249234282,805.3994,1323.543
MOVE,0,1.0,0.0,249234299,898.1992,1182.7285
MOVE,0,1.0,0.0,249234305,919.5,1138.75
UP,0,1.0,0.0,249234309,919.5,1138.75
DOWN,0,1.0,0.0,249234525,727.25,1463.875
MOVE,0,1.0,0.0,249234598,736.9834,1446.1406
MOVE,0,1.0,0.0,249234615,813.7295,1309.7021
MOVE,0,1.0,0.0,249234632,906.6504,1132.5527
MOVE,0,1.0,0.0,249234646,948.625,1068.875
UP,0,1.0,0.0,249234650,948.625,1068.875
DOWN,0,1.0,0.0,249234806,767.75,1335.5
MOVE,0,1.0,0.0,249234932,776.8623,1307.7881
MOVE,0,1.0,0.0,249234948,820.98145,1235.8301
MOVE,0,1.0,0.0,249234965,835.0332,1211.5371
MOVE,0,1.0,0.0,249234981,843.26953,1195.252
MOVE,0,1.0,0.0,249234998,851.42285,1181.5645
MOVE,0,1.0,0.0,249235015,857.76855,1172.8564
MOVE,0,1.0,0.0,249235031,865.8008,1164.9229
MOVE,0,1.0,0.0,249235048,871.6426,1159.0986
MOVE,0,1.0,0.0,249235064,877.6914,1150.2578
MOVE,0,1.0,0.0,249235081,884.71875,1138.0566
MOVE,0,1.0,0.0,249235098,895.7197,1119.8477
MOVE,0,1.0,0.0,249235114,915.90137,1090.4512
MOVE,0,1.0,0.0,249235131,946.57227,1047.4551
MOVE,0,1.0,0.0,249235148,974.8701,1002.5137
MOVE,0,1.0,0.0,249235164,1005.0625,958.67285
MOVE,0,1.0,0.0,249235177,1023.0,934.5
UP,0,1.0,0.0,249235181,1023.0,934.5
DOWN,0,1.0,0.0,249235486,726.875,1385.625
MOVE,0,1.0,0.0,249235548,732.4668,1360.4004
MOVE,0,1.0,0.0,249235565,765.67773,1292.9814
MOVE,0,1.0,0.0,249235582,792.41406,1246.5977
MOVE,0,1.0,0.0,249235598,820.5537,1198.3838
MOVE,0,1.0,0.0,249235615,858.64746,1143.9521
MOVE,0,1.0,0.0,249235631,914.7871,1066.6133
MOVE,0,1.0,0.0,249235634,931.625,1038.125
UP,0,1.0,0.0,249235639,931.625,1038.125
DOWN,0,1.0,0.0,249235938,795.125,1244.625
MOVE,0,1.0,0.0,249236066,796.125,1240.5
MOVE,0,1.0,0.0,249236081,812.1377,1205.5664
MOVE,0,1.0,0.0,249236098,835.9072,1180.7178
MOVE,0,1.0,0.0,249236114,840.33496,1175.04
MOVE,0,1.0,0.0,249236131,843.9512,1169.8906
MOVE,0,1.0,0.0,249236148,849.00977,1163.3145
MOVE,0,1.0,0.0,249236164,854.67676,1156.1885
MOVE,0,1.0,0.0,249236181,865.3281,1143.6719
MOVE,0,1.0,0.0,249236198,885.04297,1124.248
MOVE,0,1.0,0.0,249236214,922.33594,1074.1621
MOVE,0,1.0,0.0,249236231,961.45703,1021.0615
MOVE,0,1.0,0.0,249236248,997.1084,968.8506
MOVE,0,1.0,0.0,249236254,1010.75,951.0
UP,0,1.0,0.0,249236258,1010.75,951.0
DOWN,0,1.0,0.0,249236576,763.625,1310.125
MOVE,0,1.0,0.0,249236648,777.16895,1263.876
MOVE,0,1.0,0.0,249236665,806.2959,1214.8896
MOVE,0,1.0,0.0,249236681,833.749,1173.4961
MOVE,0,1.0,0.0,249236698,879.2969,1109.6143
MOVE,0,1.0,0.0,249236712,946.125,1018.0
UP,0,1.0,0.0,249236716,946.125,1018.0
DOWN,0,1.0,0.0,249237061,748.375,1337.125
MOVE,0,1.0,0.0,249237118,749.0,1333.5
MOVE,0,1.0,0.0,249237131,779.9463,1285.0615
MOVE,0,1.0,0.0,249237148,865.92676,1170.1133
MOVE,0,1.0,0.0,249237164,912.04395,1092.9297
MOVE,0,1.0,0.0,249237177,950.625,1029.125
UP,0,1.0,0.0,249237181,950.625,1029.125
MOVE,0,1.0,0.0,249238745,207.5,1699.625
UP,0,1.0,0.0,249238749,207.5,1699.625
DOWN,0,1.0,0.0,249239105,141.375,1220.625
MOVE,0,1.0,0.0,249239132,181.67285,1333.4268
MOVE,0,1.0,0.0,249239149,199.0,1629.25
UP,0,1.0,0.0,249239153,199.0,1629.25
DOWN,0,1.0,0.0,249239545,140.625,1170.5
MOVE,0,1.0,0.0,249239565,171.50586,1223.0781
MOVE,0,1.0,0.0,249239581,210.51855,1401.2861
MOVE,0,1.0,0.0,249239590,206.125,1560.75
UP,0,1.0,0.0,249239594,206.125,1560.75
DOWN,0,1.0,0.0,249240355,121.75,1181.5
MOVE,0,1.0,0.0,249240381,124.09668,1194.377
MOVE,0,1.0,0.0,249240398,176.7793,1353.1953
MOVE,0,1.0,0.0,249240415,193.08203,1578.6621
MOVE,0,1.0,0.0,249240417,190.0,1607.0
UP,0,1.0,0.0,249240421,190.0,1607.0
DOWN,0,1.0,0.0,249241400,167.0,1232.5
MOVE,0,1.0,0.0,249241431,205.46582,1389.1299
MOVE,0,1.0,0.0,249241445,183.875,1560.0
UP,0,1.0,0.0,249241449,183.875,1560.0
MOVE,0,1.0,0.0,249242048,227.07617,1539.8203
MOVE,0,1.0,0.0,249242064,218.4082,1470.0146
MOVE,0,1.0,0.0,249242081,203.57227,1410.6299
MOVE,0,1.0,0.0,249242098,185.13086,1351.1045
MOVE,0,1.0,0.0,249242112,161.25,1304.25
UP,0,1.0,0.0,249242116,161.25,1304.25
DOWN,0,1.0,0.0,249242429,210.25,1709.5
MOVE,0,1.0,0.0,249242515,209.36914,1702.2656
MOVE,0,1.0,0.0,249242531,194.08887,1640.582
MOVE,0,1.0,0.0,249242548,188.55273,1567.3906
MOVE,0,1.0,0.0,249242565,178.60059,1435.127
MOVE,0,1.0,0.0,249242581,156.0459,1330.8291
MOVE,0,1.0,0.0,249242595,116.5,1266.625
UP,0,1.0,0.0,249242599,116.5,1266.625
DOWN,0,1.0,0.0,249242788,234.875,1643.75
MOVE,0,1.0,0.0,249242881,230.75781,1602.2754
MOVE,0,1.0,0.0,249242898,223.67871,1551.6357
MOVE,0,1.0,0.0,249242915,217.56543,1515.085
MOVE,0,1.0,0.0,249242931,208.24219,1463.1611
MOVE,0,1.0,0.0,249242948,192.47852,1406.415
MOVE,0,1.0,0.0,249242965,173.61621,1351.0752
MOVE,0,1.0,0.0,249242981,147.7627,1297.9521
MOVE,0,1.0,0.0,249242998,124.12598,1249.0361
MOVE,0,1.0,0.0,249243010,104.625,1216.625
UP,0,1.0,0.0,249243014,104.625,1216.625
DOWN,0,1.0,0.0,249243275,240.25,1701.75
MOVE,0,1.0,0.0,249243415,228.09961,1658.2246
MOVE,0,1.0,0.0,249243431,217.18555,1625.084
MOVE,0,1.0,0.0,249243448,218.23438,1613.1094
MOVE,0,1.0,0.0,249243465,219.2168,1603.2637
MOVE,0,1.0,0.0,249243481,221.29199,1597.5
MOVE,0,1.0,0.0,249243498,219.07129,1592.8672
MOVE,0,1.0,0.0,249243514,217.625,1590.2686
MOVE,0,1.0,0.0,249243531,216.9248,1587.375
MOVE,0,1.0,0.0,249243548,216.0918,1579.9258
MOVE,0,1.0,0.0,249243564,211.40723,1566.8066
MOVE,0,1.0,0.0,249243581,208.49805,1526.1816
MOVE,0,1.0,0.0,249243598,192.52734,1429.9668
MOVE,0,1.0,0.0,249243614,150.35254,1304.0508
MOVE,0,1.0,0.0,249243631,96.30371,1205.0566
MOVE,0,1.0,0.0,249243648,42.44043,1128.2119
MOVE,0,1.0,0.0,249243650,34.0,1118.375
UP,0,1.0,0.0,249243654,34.0,1118.375
DOWN,0,1.0,0.0,249243835,263.125,1599.0
MOVE,0,1.0,0.0,249243915,260.32812,1590.6699
MOVE,0,1.0,0.0,249243931,237.14062,1531.7773
MOVE,0,1.0,0.0,249243948,219.07422,1481.4482
MOVE,0,1.0,0.0,249243965,214.0498,1452.3408
MOVE,0,1.0,0.0,249243981,206.89551,1424.834
MOVE,0,1.0,0.0,249243998,192.06934,1392.5127
MOVE,0,1.0,0.0,249244015,179.07422,1366.7275
MOVE,0,1.0,0.0,249244031,162.60156,1332.1045
MOVE,0,1.0,0.0,249244048,141.99512,1290.6611
MOVE,0,1.0,0.0,249244065,117.15918,1243.3154
MOVE,0,1.0,0.0,249244081,89.896484,1197.959
MOVE,0,1.0,0.0,249244098,65.296875,1160.419
MOVE,0,1.0,0.0,249244115,39.541016,1128.2754
MOVE,0,1.0,0.0,249244131,20.97754,1106.2432
MOVE,0,1.0,0.0,249244148,9.75,1090.0
UP,0,1.0,0.0,249244152,9.75,1090.0
DOWN,0,1.0,0.0,249244559,196.375,1764.875
MOVE,0,1.0,0.0,249244633,196.375,1760.25
MOVE,0,1.0,0.0,249244648,199.66113,1706.3838
MOVE,0,1.0,0.0,249244665,208.63672,1638.2627
MOVE,0,1.0,0.0,249244681,213.60938,1575.0654
MOVE,0,1.0,0.0,249244698,214.95801,1520.0967
MOVE,0,1.0,0.0,249244715,210.80469,1480.5137
MOVE,0,1.0,0.0,249244731,206.18066,1462.3184
MOVE,0,1.0,0.0,249244748,198.97363,1444.8359
MOVE,0,1.0,0.0,249244765,195.07617,1430.4072
MOVE,0,1.0,0.0,249244781,191.86719,1417.5723
MOVE,0,1.0,0.0,249244798,188.9873,1410.6963
MOVE,0,1.0,0.0,249244815,186.12598,1406.2529
MOVE,0,1.0,0.0,249244831,184.28418,1402.3271
MOVE,0,1.0,0.0,249244848,183.5,1401.667
MOVE,0,1.0,0.0,249244865,183.79297,1400.7461
MOVE,0,1.0,0.0,249244881,183.70898,1400.709
MOVE,0,1.0,0.0,249244890,183.4375,1400.625
UP,0,1.0,0.0,249244913,183.5,1400.625
MOVE,0,1.0,0.0,249245598,213.34863,1478.5381
MOVE,0,1.0,0.0,249245615,161.32617,1370.4463
MOVE,0,1.0,0.0,249245630,73.75,1243.375
UP,0,1.0,0.0,249245634,73.75,1243.375
DOWN,0,1.0,0.0,249245912,239.5,1764.5
MOVE,0,1.0,0.0,249245948,241.61816,1616.8076
MOVE,0,1.0,0.0,249245965,207.77051,1457.8887
MOVE,0,1.0,0.0,249245981,133.38281,1293.6748
MOVE,0,1.0,0.0,249245987,98.125,1242.125
UP,0,1.0,0.0,249245991,98.125,1242.125
