charCount,fieldId,interKeyMs,isDelete,timestamp
1,text_q1,0,false,1776252713085
1,text_q1,193,false,1776252713278
2,text_q1,55,false,1776252713333
3,text_q1,228,false,1776252713561
4,text_q1,578,false,1776252714139
5,text_q1,143,false,1776252714282
6,text_q1,108,false,1776252714390
7,text_q1,139,false,1776252714529
6,text_q1,282,true,1776252714811
5,text_q1,159,true,1776252714970
4,text_q1,138,true,1776252715108
3,text_q1,154,true,1776252715262
4,text_q1,529,false,1776252715791
5,text_q1,220,false,1776252716011
6,text_q1,96,false,1776252716107
6,text_q1,127,false,1776252716234
7,text_q1,61,false,1776252716295
8,text_q1,209,false,1776252716504
9,text_q1,95,false,1776252716599
9,text_q1,26,false,1776252716625
10,text_q1,120,false,1776252716745
11,text_q1,14,false,1776252716759
12,text_q1,162,false,1776252716921
13,text_q1,69,false,1776252716990
12,text_q1,290,false,1776252717280
11,text_q1,140,false,1776252717420
10,text_q1,145,false,1776252717565
9,text_q1,131,false,1776252717696
8,text_q1,403,false,1776252718099
9,text_q1,353,false,1776252718452
9,text_q1,517,false,1776252718969
10,text_q1,186,false,1776252719155
10,text_q1,122,false,1776252719277
11,text_q1,173,false,1776252719450
12,text_q1,228,false,1776252719678
13,text_q1,46,false,1776252719724
13,text_q1,179,false,1776252719903
13,text_q1,197,false,1776252720100
14,text_q1,66,false,1776252720166
15,text_q1,185,false,1776252720351
16,text_q1,202,false,1776252720553
17,text_q1,59,false,1776252720612
17,text_q1,241,false,1776252720853
18,text_q1,67,false,1776252720920
19,text_q1,196,false,1776252721116
20,text_q1,126,false,1776252721242
21,text_q1,139,false,1776252721381
22,text_q1,202,false,1776252721583
22,text_q1,108,false,1776252721691
23,text_q1,131,false,1776252721822
24,text_q1,213,false,1776252722035
25,text_q1,80,false,1776252722115
26,text_q1,184,false,1776252722299
27,text_q1,159,false,1776252722458
28,text_q1,74,false,1776252722532
27,text_q1,497,false,1776252723029
26,text_q1,159,false,1776252723188
25,text_q1,136,false,1776252723324
26,text_q1,495,false,1776252723819
27,text_q1,224,false,1776252724043
27,text_q1,73,false,1776252724116
1,text_q2,0,false,1776252740708
2,text_q2,280,false,1776252740988
3,text_q2,132,false,1776252741120
3,text_q2,226,false,1776252741346
4,text_q2,137,false,1776252741483
5,text_q2,122,false,1776252741605
6,text_q2,146,false,1776252741751
6,text_q2,162,false,1776252741913
7,text_q2,101,false,1776252742014
7,text_q2,283,false,1776252742297
8,text_q2,134,false,1776252742431
1,text_q3,0,false,1776252778957
2,text_q3,107,false,1776252779064
3,text_q3,156,false,1776252779220
4,text_q3,192,false,1776252779412
5,text_q3,110,false,1776252779522
5,text_q3,163,false,1776252779685
6,text_q3,54,false,1776252779739
6,text_q3,163,false,1776252779902
7,text_q3,88,false,1776252779990
8,text_q3,212,false,1776252780202
9,text_q3,86,false,1776252780288
10,text_q3,189,false,1776252780477
11,text_q3,151,false,1776252780628
10,text_q3,188,false,1776252780816
9,text_q3,137,false,1776252780953
8,text_q3,113,false,1776252781066
9,text_q3,751,false,1776252781817
10,text_q3,222,false,1776252782039
11,text_q3,153,false,1776252782192
10,text_q3,212,false,1776252782404
9,text_q3,142,false,1776252782546
8,text_q3,130,false,1776252782676
7,text_q3,393,true,1776252783069
8,text_q3,477,false,1776252783546
9,text_q3,216,false,1776252783762
10,text_q3,244,false,1776252784006
10,text_q3,140,false,1776252784146
10,text_q3,251,false,1776252784397
11,text_q3,136,false,1776252784533
12,text_q3,1797,false,1776252786330
13,text_q3,199,false,1776252786529
14,text_q3,112,false,1776252786641
15,text_q3,247,false,1776252786888
16,text_q3,254,false,1776252787142
17,text_q3,78,false,1776252787220
17,text_q3,253,false,1776252787473
17,text_q3,265,false,1776252787738
18,text_q3,107,false,1776252787845
19,text_q3,545,false,1776252788390
20,text_q3,229,false,1776252788619
21,text_q3,90,false,1776252788709
22,text_q3,157,false,1776252788866
23,text_q3,120,false,1776252788986
22,text_q3,32075,true,1776252821061
23,text_q3,234,false,1776252821295
1,text_q4,0,false,1776252823556
2,text_q4,77,false,1776252823633
3,text_q4,241,false,1776252823874
3,text_q4,178,false,1776252824052
4,text_q4,12,false,1776252824064
5,text_q4,229,false,1776252824293
4,text_q4,542,true,1776252824835
3,text_q4,159,true,1776252824994
2,text_q4,150,true,1776252825144
1,text_q4,132,true,1776252825276
0,text_q4,154,true,1776252825430
1,text_q4,6908,false,1776252832338
2,text_q4,199,false,1776252832537
1,text_q4,357,false,1776252832894
0,text_q4,169,true,1776252833063
1,text_q4,955,false,1776252834018
2,text_q4,111,false,1776252834129
3,text_q4,330,false,1776252834459
3,text_q4,179,false,1776252834638
4,text_q4,17,false,1776252834655
5,text_q4,233,false,1776252834888
6,text_q4,88,false,1776252834976
7,text_q4,139,false,1776252835115
6,text_q4,352,false,1776252835467
7,text_q4,333,false,1776252835800
8,text_q4,76,false,1776252835876
8,text_q4,170,false,1776252836046
9,text_q4,85,false,1776252836131
9,text_q4,142,false,1776252836273
10,text_q4,51,false,1776252836324
11,text_q4,222,false,1776252836546
12,text_q4,129,false,1776252836675
12,text_q4,201,false,1776252836876
13,text_q4,18,false,1776252836894
14,text_q4,201,false,1776252837095
15,text_q4,203,false,1776252837298
16,text_q4,128,false,1776252837426
17,text_q4,133,false,1776252837559
18,text_q4,159,false,1776252837718
19,text_q4,92,false,1776252837810
19,text_q4,181,false,1776252837991
20,text_q4,14,false,1776252838005
21,text_q4,165,false,1776252838170
22,text_q4,182,false,1776252838352
22,text_q4,139,false,1776252838491
23,text_q4,76,false,1776252838567
24,text_q4,183,false,1776252838750
25,text_q4,229,false,1776252838979
25,text_q4,231,false,1776252839210
26,text_q4,17,false,1776252839227
27,text_q4,226,false,1776252839453
28,text_q4,100,false,1776252839553
29,text_q4,208,false,1776252839761
29,text_q4,197,false,1776252839958
30,text_q4,77,false,1776252840035
31,text_q4,188,false,1776252840223
32,text_q4,138,false,1776252840361
31,text_q4,222,false,1776252840583
32,text_q4,222,false,1776252840805
33,text_q4,152,false,1776252840957
33,text_q4,248,false,1776252841205
34,text_q4,72,false,1776252841277
35,text_q4,119,false,1776252841396
36,text_q4,206,false,1776252841602
37,text_q4,67,false,1776252841669
37,text_q4,228,false,1776252841897
38,text_q4,32,false,1776252841929
39,text_q4,170,false,1776252842099
40,text_q4,87,false,1776252842186
41,text_q4,133,false,1776252842319
41,text_q4,207,false,1776252842526
41,text_q4,265,false,1776252842791
1,text_q5,0,false,1776252893366
2,text_q5,126,false,1776252893492
3,text_q5,234,false,1776252893726
3,text_q5,203,false,1776252893929
4,text_q5,214,false,1776252894143
5,text_q5,267,false,1776252894410
6,text_q5,268,false,1776252894678
6,text_q5,242,false,1776252894920
7,text_q5,79,false,1776252894999
8,text_q5,837,false,1776252895836
9,text_q5,384,false,1776252896220
8,text_q5,372,false,1776252896592
9,text_q5,391,false,1776252896983
10,text_q5,244,false,1776252897227
10,text_q5,143,false,1776252897370
11,text_q5,172,false,1776252897542
11,text_q5,24,false,1776252897566
1,text_q6,0,false,1776252916879
2,text_q6,307,false,1776252917186
3,text_q6,279,false,1776252917465
4,text_q6,235,false,1776252917700
5,text_q6,254,false,1776252917954
6,text_q6,257,false,1776252918211
7,text_q6,162,false,1776252918373
8,text_q6,126,false,1776252918499
7,text_q6,402,false,1776252918901
8,text_q6,356,false,1776252919257
9,text_q6,607,false,1776252919864
10,text_q6,306,false,1776252920170
11,text_q6,165,false,1776252920335
11,text_q6,122,false,1776252920457
12,text_q6,192,false,1776252920649
13,text_q6,679,false,1776252921328
14,text_q6,139,false,1776252921467
15,text_q6,90,false,1776252921557
16,text_q6,206,false,1776252921763
17,text_q6,104,false,1776252921867
18,text_q6,189,false,1776252922056
19,text_q6,219,false,1776252922275
20,text_q6,83,false,1776252922358
21,text_q6,188,false,1776252922546
22,text_q6,152,false,1776252922698
21,text_q6,194,true,1776252922892
20,text_q6,150,true,1776252923042
19,text_q6,150,true,1776252923192
18,text_q6,116,true,1776252923308
19,text_q6,378,false,1776252923686
20,text_q6,125,false,1776252923811
20,text_q6,181,false,1776252923992
21,text_q6,114,false,1776252924106
22,text_q6,373,false,1776252924479
23,text_q6,308,false,1776252924787
24,text_q6,27,false,1776252924814
25,text_q6,211,false,1776252925025
26,text_q6,172,false,1776252925197
27,text_q6,200,false,1776252925397
28,text_q6,149,false,1776252925546
29,text_q6,213,false,1776252925759
30,text_q6,82,false,1776252925841
31,text_q6,281,false,1776252926122
32,text_q6,639,false,1776252926761
33,text_q6,231,false,1776252926992
34,text_q6,85,false,1776252927077
35,text_q6,215,false,1776252927292
36,text_q6,41,false,1776252927333
35,text_q6,343,true,1776252927676
36,text_q6,299,false,1776252927975
35,text_q6,255,true,1776252928230
36,text_q6,183,false,1776252928413
37,text_q6,133,false,1776252928546
38,text_q6,222,false,1776252928768
1,text_q7,0,false,1776252931908
2,text_q7,135,false,1776252932043
2,text_q7,301,false,1776252932344
3,text_q7,85,false,1776252932429
4,text_q7,1353,false,1776252933782
3,text_q7,296,true,1776252934078
4,text_q7,900,false,1776252934978
5,text_q7,289,false,1776252935267
5,text_q7,155,false,1776252935422
6,text_q7,209,false,1776252935631
6,text_q7,190,false,1776252935821
